name,tradingsymbol
20 MICRONS,20MICRONS
21ST CENTURY MGMT SERVICE,21STCENMGM
360 ONE WAM,360ONE
3I INFOTECH,3IINFOLTD
3M INDIA,3MINDIA
3P LAND HOLDINGS,3PLAND
5PAISA CAPITAL,5PAISA
63 MOONS TECHNOLOGIES,63MOONS
AADHAR HOUSING FINANCE L,AADHARHFC
AAKASH EXPLORATION SER L,AAKASH
AARON INDUSTRIES,AARON
AARTECH SOLONICS,AARTECH
AARTI DRUGS,AARTIDRUGS
AARTI INDUSTRIES,AARTIIND
AARTI PHARMALABS,AARTIPHARM
AARTI SURFACTANTS,AARTISURF
AARVI ENCON,AARVI
AAVAS FINANCIERS,AAVAS
ABB INDIA,ABB
ABBOTT INDIA,ABBOTINDIA
ADITYA BIRLA CAPITAL,ABCAPITAL
A B COTSPIN INDIA,ABCOTS
ALLIED BLEND N DISTILS L,ABDL
ADITYA BIRLA FASHION & RT,ABFRL
BIRLASLAMC - ABGSEC,ABGSEC
A B INFRABUILD,ABINFRA
ADITYA BIRLA LIFES BRAN L,ABLBL
ADITYA BIRLA REAL EST,ABREL
ADIT BIRL SUN LIF AMC,ABSLAMC
BIRLASLAMC - ABSLLIQUID,ABSLLIQUID
BIRLASLAMC - ABSLNN50ET,ABSLNN50ET
BIRLASLAMC-ABSLPSE,ABSLPSE
ACC,ACC
ACCELYA SOLN INDIA,ACCELYA
ACCURACY SHIPPING,ACCURACY
ACTION CONST EQUIP,ACE
ACE INTEGRATED SOLU.,ACEINTEG
ARCHEAN CHEMICAL IND,ACI
ALLCARGO GATI,ACLGATI
ACME SOLAR HOLDINGS,ACMESOLAR
ACUTAAS CHEMICALS,ACUTAAS
ADANI ENERGY SOLUTION,ADANIENSOL
ADANI ENTERPRISES,ADANIENT
ADANI GREEN ENERGY,ADANIGREEN
ADANI PORT & SEZ,ADANIPORTS
ADANI POWER,ADANIPOWER
ADF FOODS,ADFFOODS
ARCHIDPLY DECOR,ADL
ADOR WELDING,ADOR
ADROIT INFOTECH,ADROITINFO
ALLIED DIGITAL SERV.,ADSL
ADVANI HOT.& RES.(I),ADVANIHOTR
ADVANCED ENZYME TECH,ADVENZYMES
AEGIS LOGISTICS,AEGISLOG
AEGIS VOPAK TERMINALS,AEGISVOPAK
AEROFLEX ENTERPRISES,AEROENTER
AEROFLEX INDUSTRIES,AEROFLEX
AEROFLEX NEU,AERONEU
AETHER INDUSTRIES,AETHER
AFCONS INFRASTRUCTURE,AFCONS
AFFLE 3I,AFFLE
AFFORD ROBO & AUTO,AFFORDABLE
AKME FINTRADE (INDIA),AFIL
ABANS FINANCIAL SRVCS,AFSL
AGARWAL INDS CORP,AGARIND
DR AGARWALS HEALTH CARE L,AGARWALEYE
AGI GREENPAC,AGI
AGI INFRA,AGIIL
AGRI-TECH (INDIA),AGRITECH
AHLADA ENGINEERS,AHLADA
ASIAN HOTELS (EAST),AHLEAST
AHLUWALIA CONT IND,AHLUCONT
AIA ENGINEERING,AIAENG
AUTHUM INVEST & INFRA,AIIL
AIRAN,AIRAN
AIRO LAM,AIROLAM
AJANTA PHARMA,AJANTPHARM
AJAX ENGINEERING,AJAXENGG
AJMERA REALTY & INF I,AJMERA
AJOONI BIOTECH,AJOONI
AKASH INFRA-PROJECTS,AKASH
AKG EXIM,AKG
AKI INDIA,AKI
AKSHARCHEM INDIA,AKSHARCHEM
AKSH OPTIFIBRE,AKSHOPTFBR
AKUMS DRUGS AND PHARMA L,AKUMS
AKZO NOBEL INDIA,AKZOINDIA
ALANKIT,ALANKIT
ALBERT DAVID,ALBERTDAVD
ALEMBIC,ALEMBICLTD
ALICON CASTALLOY,ALICON
ALIVUS LIFE SCIENCES,ALIVUS
ALKALI METALS,ALKALI
ALKEM LABORATORIES,ALKEM
ALKYL AMINES CHEM.,ALKYLAMINE
ALLCARGO LOGISTICS,ALLCARGO
ALLDIGI TECH,ALLDIGI
ALL TIME PLASTICS,ALLTIME
ALMONDZ GLOBAL SEC,ALMONDZ
ALOK INDUSTRIES,ALOKINDS
ALPA LABORATORIES,ALPA
KOTAKMAMC - KOTAKALPHA,ALPHA
ALPHAGEO (INDIA),ALPHAGEO
ICICIPRAMC - ICICIALPLV,ALPL30IETF
AMANTA HEALTHCARE,AMANTA
AMBER ENTERPRISES (I),AMBER
AMBICA AGAR & AROMAINDLTD,AMBICAAGAR
AMBIKA COTTON MILL,AMBIKCO
AMBUJA CEMENTS,AMBUJACEM
AMD INDUSTRIES,AMDIND
AMJ LAND HOLDINGS,AMJLAND
AMINES & PLASTICIZERS,AMNPLST
AMRUTAJAN HEALTH,AMRUTANJAN
ANAND RATHI WEALTH,ANANDRATHI
ANANT RAJ,ANANTRAJ
ANDHRA PAPER,ANDHRAPAP
ANDHRA SUGARS,ANDHRSUGAR
ANGEL ONE,ANGELONE
ANIK INDUSTRIES,ANIKINDS
ANMOL INDIA,ANMOL
ANTELOPUS SELAN ENRGY,ANTELOPUS
ANTARCTICA,ANTGRAPHIC
ANTHEM BIOSCIENCES,ANTHEM
ANUH PHARMA,ANUHPHR
THE ANUP ENGINEERING,ANUP
ANUPAM RASAYAN INDIA,ANURAS
AONEAMC - AONEGOLD,AONEGOLD
AONEAMC - AONELIQUID,AONELIQUID
AONEAMC - AONENIFTY,AONENIFTY
AONEAMC - AONETOTAL,AONETOTAL
APAR INDUSTRIES,APARINDS
ANJANI PORTLAND CEM,APCL
APCOTEX INDUSTRIES LIMITE,APCOTEXIND
APEX FROZEN FOODS,APEX
APL APOLLO TUBES,APLAPOLLO
ALEMBIC PHARMA,APLLTD
APOLLO MICRO SYSTEMS,APOLLO
APOLLO HOSPITALS ENTER. L,APOLLOHOSP
APOLLO PIPES,APOLLOPIPE
APOLLO TYRES,APOLLOTYRE
APOLLO SINDOORI HOTEL,APOLSINHOT
APTECH,APTECHT
APTUS VALUE HSG FIN I,APTUS
ARCHIDPLY IND.,ARCHIDPLY
ARCHIES,ARCHIES
AMARA RAJA ENERGY MOB,ARE&M
RAJDARSHAN INDUSTRIES,ARENTERP
ARIES AGRO,ARIES
ARIHANT CAPITAL MKTS,ARIHANTCAP
ARIHANT SUPERSTRUCT,ARIHANTSUP
ARISINFRA SOLUTIONS,ARISINFRA
ARKADE DEVELOPERS,ARKADE
ARMAN FIN SERV,ARMANFIN
ARO GRANITE IND.,AROGRANITE
ARROW GREENTECH,ARROWGREEN
ANAND RATHI SH N STK BR L,ARSSBL
ARTEMIS MED SERVICE,ARTEMISMED
ART NIRMAN,ARTNIRMAN
ARVEE LABORATORIES I,ARVEE
ARVIND,ARVIND
ARVIND FASHIONS,ARVINDFASN
ARVIND SMARTSPACES,ARVSMART
ASAHI INDIA GLASS,ASAHIINDIA
ASAHI SONGWON COLOR,ASAHISONG
AUTOMOTIVE STAMPINGS & AS,ASAL
ASSO ALCOHOLS & BREW,ASALCBR
ASHAPURA MINECHEM,ASHAPURMIN
ASHIANA HOUSING,ASHIANA
ASHIMA,ASHIMASYN
ASHOKA BUILDCON,ASHOKA
ASHOKA METCAST,ASHOKAMET
ASHOK LEYLAND,ASHOKLEY
ASIAN ENERGY SERVICES,ASIANENE
ASIAN HOTELS (NORTH),ASIANHOTNR
ASIAN PAINTS,ASIANPAINT
ASIAN GRANITO IND.,ASIANTILES
ASK AUTOMOTIVE,ASKAUTOLTD
ASPINWALL & CO,ASPINWALL
ASTEC LIFESCIENCES,ASTEC
ASTER DM HEALTHCARE,ASTERDM
ASTRAL,ASTRAL
ASTRA MICROWAVE,ASTRAMICRO
ASTRAZENECA PHARMA IND LT,ASTRAZEN
ASTRON PAPER BORD MIL,ASTRON
ATAL REALTECH,ATALREAL
ATAM VALVES,ATAM
ADANI TOTAL GAS,ATGL
ATHER ENERGY,ATHERENERG
ALLCARGO TERMINALS,ATL
ATLANTA ELECTRICALS,ATLANTAELE
ATLAS CYCLE (HARYANA),ATLASCYCLE
ATUL,ATUL
ATUL AUTO,ATULAUTO
AU SMALL FINANCE BANK,AUBANK
AURI GROW INDIA,AURIGROW
AURIONPRO SOLN,AURIONPRO
AUROBINDO PHARMA,AUROPHARMA
AURUM PROPTECH,AURUM
AUSOM ENTERPRISE,AUSOMENT
AUTOMOTIVE AXLES,AUTOAXLES
ICICIPRAMC - ICICIAUTO,AUTOIETF
AUTOLINE INDUSTRIES,AUTOIND
AVADH SUG & ENERGY,AVADHSUGAR
AVALON TECHNOLOGIES,AVALON
AVANTEL,AVANTEL
AVANTI FEEDS,AVANTIFEED
AVG LOGISTICS,AVG
ADITYA VISION,AVL
AVONMORE CAP&MGT SERV,AVONMORE
AVRO INDIA,AVROIND
AVT NATURAL PRODUCTS,AVTNPL
AWFIS SPACE SOLUTIONS,AWFIS
ANTONY WASTE HDG CELL,AWHCL
AWL AGRI BUSINESS,AWL
AXIS BANK,AXISBANK
AXISAMC - AXISILVER,AXISILVER
AXISAMC - AXISNIFTY,AXISNIFTY
AXISAMC - AXISVALUE,AXISVALUE
AXITA COTTON,AXITA
AXISAMC - AXSENSEX,AXSENSEX
AYM SYNTEX,AYMSYNTEX
AZAD ENGINEERING,AZAD
B.A.G FILMS AND MEDIA,BAGFILMS
BAID FINSERV,BAIDFIN
BAJAJ CONSUMER CARE,BAJAJCON
BAJAJ ELECT.LTD,BAJAJELEC
BAJAJ FINSERV,BAJAJFINSV
BAJAJ HEALTHCARE,BAJAJHCARE
BAJAJ HOUSING FINANCE,BAJAJHFL
BAJAJ HINDUSTHAN SUGAR LT,BAJAJHIND
BAJAJ HOLDINGS & INVS,BAJAJHLDNG
INDEF MANUFACTURING,BAJAJINDEF
BAJEL PROJECTS,BAJEL
BAJAJ FINANCE,BAJFINANCE
SHREE TIRUPATI BALAJEE L,BALAJEE
BALAJI TELEFILMS,BALAJITELE
BALAJI AMINES,BALAMINES
BALAXI PHARMA,BALAXI
BALKRISHNA PAPER MILLS L,BALKRISHNA
BALKRISHNA IND.,BALKRISIND
BALMER LAWRIE & CO,BALMLAWRIE
BAL PHARMA,BALPHARMA
BALRAMPUR CHINI MILLS,BALRAMCHIN
BALU FORGE INDUSTRIES,BALUFORGE
BANARAS BEADS,BANARBEADS
BANNARI AMMAN SUGARS,BANARISUG
BANCO PRODUCTS (I),BANCOINDIA
BANDHAN BANK,BANDHANBNK
BANG OVERSEAS,BANG
BANKA BIOLOO,BANKA
BANK OF BARODA,BANKBARODA
ICICIPRAMC - IPRU5008,BANKIETF
BANK OF INDIA,BANKINDIA
MIRAEAMC - BANKPSU,BANKPSU
BANSAL WIRE INDUSTRIES L,BANSALWIRE
BANSWARA SYNTEX,BANSWRAS
BASF INDIA,BASF
BANNARI AM SPIN MILL,BASML
BATA INDIA,BATAINDIA
BAYER CROPSCIENCE,BAYERCROP
BHARAT BIJLEE,BBL
BARODABNP - BBNPPGOLD,BBNPPGOLD
BLACK BOX,BBOX
BOMBAY BURMAH TRADING COR,BBTC
B&B TRIPLEWALL CONT,BBTCL
BRIGHTCOM GROUP,BCG
BCL INDUSTRIES,BCLIND
BHARAT DYNAMICS,BDL
BEARDSELL,BEARDSELL
MRS BECTORS FOOD SPE,BECTORFOOD
BEDMUTHA INDUST,BEDMUTHA
BHARAT ELECTRONICS,BEL
BELLA CASA FASH AND RET L,BELLACASA
BELRISE INDUSTRIES,BELRISE
BEML,BEML
BHANSALI ENG. POLYMERS LT,BEPL
BERGER PAINTS (I),BERGEPAINT
BEST AGROLIFE,BESTAGRO
BF INVESTMENT,BFINVEST
BF UTILITIES,BFUTILITIE
BHAGIRADHA CHEM & INDS L,BHAGCHEM
BHAGERIA INDUSTRIES,BHAGERIA
BHANDARI HOSIERY EXP,BHANDARI
BHARAT FORGE,BHARATFORG
BHARAT RASAYAN,BHARATRAS
BHARAT SEATS,BHARATSE
BHARAT WIRE ROPES,BHARATWIRE
BHARTI AIRTEL,BHARTIARTL
BHARTI HEXACOM,BHARTIHEXA
BHEL,BHEL
BIGBLOC CONSTRUCTION,BIGBLOC
BIKAJI FOODS INTERN,BIKAJI
BHARTIYA INTERNATIONAL,BIL
BIL VYAPAR,BILVYAPAR
BIOCON,BIOCON
BIOFIL CHEM & PHARMA,BIOFILCHEM
BIRLA CABLE,BIRLACABLE
BIRLA CORPORATION,BIRLACORPN
ADITYA BIRLA MONEY,BIRLAMONEY
BIRLANU,BIRLANU
BLACKBUCK,BLACKBUCK
BEML LAND ASSETS,BLAL
BLB,BLBLIMITED
BLISS GVS PHARMA,BLISSGVS
B.L.KASHYAP & SON,BLKASHYAP
BLS INTL SERVS,BLS
BLS E-SERVICES,BLSE
BLUE DART EXPRESS,BLUEDART
BLUE JET HEALTHCARE,BLUEJET
BLUE STAR,BLUESTARCO
BLUESTONE JEWEL LFSTL,BLUESTONE
BLUSPRING ENTERPRISES,BLUSPRING
BMW VENTURES,BMWVENTLTD
BODAL CHEMICALS,BODALCHEM
BOHRA INDUSTRIES,BOHRAIND
BOMBAY DYEING & MFG. CO L,BOMDYEING
BORANA WEAVES,BORANA
BOROSIL,BOROLTD
BOROSIL RENEWABLES,BORORENEW
BOROSIL SCIENTIFIC,BOROSCI
BOSCH,BOSCHLTD
BHARAT PETROLEUM CORP  LT,BPCL
BPL,BPL
BRIGADE ENTER.,BRIGADE
BRIGADE HOTEL VENTURE,BRIGHOTEL
BRITANNIA INDUSTRIES,BRITANNIA
BHARAT ROAD NETWORK,BRNL
BROOKS LAB,BROOKS
BSE,BSE
ICICIPRAMC - ICICI500,BSE500IETF
BOMBAY SUPER HYBRID SEEDS,BSHSL
BSL,BSL
BIRLASOFT,BSOFT
BODHI TREE MULTIMEDIA,BTML
BTRFLY GANDHI APPL,BUTTERFLY
THE BYKE HOSPITALITY,BYKE
CALIFORNIA SOFTWARE CO LT,CALSOFT
CAMLIN FINE SCIENCES,CAMLINFINE
CAMPUS ACTIVEWEAR,CAMPUS
COMPUTER AGE MNGT SER,CAMS
CANARA BANK,CANBK
CAN FIN HOMES,CANFINHOME
CANARA HSBC LIFE INS CO L,CANHLIFE
CANTABIL RETAIL,CANTABIL
CAPACITE INFRAPROJECT,CAPACITE
CAPITAL SMALL FIN BANK L,CAPITALSFB
CAPLIN POINT LAB,CAPLIPOINT
CAPITAL TRUST,CAPTRUST
CARBORUNDUM UNIVERSAL,CARBORUNIV
CARE RATINGS,CARERATING
CARRARO INDIA,CARRARO
CARTRADE TECH,CARTRADE
CARYSIL,CARYSIL
CASTROL INDIA,CASTROLIND
CONS. CONST. CONSORT,CCCL
COUNTRY CLUB HOSP HOL,CCHHL
CCL PRODUCTS (I),CCL
CENTRAL DEPO SER (I),CDSL
CEAT,CEATLTD
CEIGALL INDIA,CEIGALL
CELEBRITY FASHIONS,CELEBRITY
CELLO WORLD,CELLO
CEMINDIA PROJECTS,CEMPRO
CENTURY ENKA,CENTENKA
CENTRAL BANK OF INDIA,CENTRALBK
CENTRUM CAPITAL,CENTRUM
CENTUM ELECTRONICS,CENTUM
CENTURY PLYBOARDS (I),CENTURYPLY
CERA SANITARYWARE,CERA
CESC,CESC
CONCORD ENVIRO SYSTEMS L,CEWATER
CAPRI GLOBAL CAPITAL,CGCL
CG POWER AND IND SOL,CGPOWER
CHALET HOTELS,CHALET
CHAMBAL FERTILIZERS,CHAMBLFERT
CHEMBOND MATERIALTECH,CHEMBOND
CHEMBOND CHEMICAL,CHEMBONDCH
CHEMCON SPECIAL CHEM,CHEMCON
CHEMFAB ALKALIS,CHEMFAB
CHEMPLAST SANMAR,CHEMPLASTS
CHENNAI PETROLEUM CORP LT,CHENNPETRO
CHEVIOT COMPANY,CHEVIOT
CHOICE INTERNATIONAL,CHOICEIN
CHOLAMANDALAM IN & FIN CO,CHOLAFIN
CHOLAMANDALAM FIN HOL,CHOLAHLDNG
CIE AUTOMOTIVE INDIA,CIEINDIA
CAPITAL INDIA FINANCE,CIFL
CIGNITI TECHNOLOGIES,CIGNITITEC
CINELINE INDIA,CINELINE
CINEVISTA,CINEVISTA
CIPLA,CIPLA
CLEAN SCIENCE & TECH,CLEAN
CHAMAN LAL SETIA EXP,CLSEL
CMS INFO SYSTEMS,CMSINFO
COAL INDIA,COALINDIA
COASTAL CORPORATION,COASTCORP
COCHIN SHIPYARD,COCHINSHIP
COFORGE,COFORGE
COHANCE LIFESCIENCES,COHANCE
COLGATE PALMOLIVE,COLPAL
ICICIPRAMC - ICICICOMMO,COMMOIETF
COMPUCOM SOFTWARE,COMPUSOFT
COMMERCIAL SYN BAGS,COMSYN
CONTAINER CORP OF IND,CONCOR
CONCORD BIOTECH,CONCORDBIO
CONFIDENCE PETRO IND,CONFIPET
KOTAKMAMC - KOTAKCONS,CONS
CONSO. FIN. & HOLD.,CONSOFINVT
MIRAEAMC - CONSUMER,CONSUMER
ICICIPRAMC - ICICICONSU,CONSUMIETF
CONTROL PRINT,CONTROLPR
CORAL INDIA FIN & HOUS LT,CORALFINAC
CORDS CABLE INDUS,CORDSCABLE
COROMANDEL INTERNTL.,COROMANDEL
COSMO FIRST,COSMOFIRST
COUNTRY CONDO S,COUNCODOS
CP CAPITAL,CPCAP
CAREER POINT EDUTECH,CPEDU
ADITYA INFOTECH,CPPLUS
CRAFTSMAN AUTOMATION,CRAFTSMAN
CANARA ROBECO AMC,CRAMC
CREATIVE NEWTECH,CREATIVE
CREATIVE EYE,CREATIVEYE
CREDITACCESS GRAMEEN,CREDITACC
CREST VENTURES,CREST
CRISIL,CRISIL
CRIZAC,CRIZAC
CROMPT GREA CON ELEC,CROMPTON
CROWN LIFTERS,CROWN
CSB BANK,CSBBANK
CSL FINANCE,CSLFINANCE
CAMBRIDGE TECH ENTER,CTE
CITY UNION BANK,CUB
CUBEX TUBINGS,CUBEXTUB
CUMMINS INDIA,CUMMINSIND
CUPID,CUPID
CYIENT,CYIENT
CYIENT DLM,CYIENTDLM
DABUR INDIA,DABUR
DALMIA BHARAT,DALBHARAT
DALMIA BHARAT SUG IN,DALMIASUG
DAM CAPITAL ADVISORS,DAMCAPITAL
DAMODAR INDUSTRIES,DAMODARIND
DANGEE DUMS,DANGEE
DATAMATICS GLOBAL SER,DATAMATICS
DATA PATTERNS INDIA,DATAPATTNS
DAVANGERE SUGAR COMPANY L,DAVANGERE
D.B.CORP,DBCORP
DEEPAK BUILDERS & ENG I L,DBEIL
DILIP BUILDCON,DBL
DHAMPUR BIO ORGANICS,DBOL
VALOR ESTATE,DBREALTY
DB (INT) STOCK BROKERS,DBSTOCKBRO
DISHMAN CARBO AMCIS,DCAL
DCB BANK,DCBBANK
DC INFOTECH AND COMUN,DCI
DCM,DCM
DCM FINANCIAL SERVICES LT,DCMFINSERV
DCM NOUVELLE,DCMNVL
DCM SHRIRAM,DCMSHRIRAM
DCM SHRIRAM IND,DCMSRIND
DCW,DCW
DCX SYSTEMS,DCXINDIA
DDEV PLASTIKS IND,DDEVPLSTIK
DECCAN CEMENTS,DECCANCE
DEE DEVELOPMENT ENG,DEEDEV
DEEPAK FERTILIZERS & PETR,DEEPAKFERT
DEEPAK NITRITE,DEEPAKNTR
DEEP INDUSTRIES,DEEPINDS
DELHIVERY,DELHIVERY
DELPHI WORLD MONEY,DELPHIFX
DELTA CORP,DELTACORP
DELTA MANUFACTURING,DELTAMAGNT
DEN NETWORKS,DEN
DE NORA INDIA,DENORA
DENTA WATER N INFRA SOL L,DENTA
DEV INFO TECHNOLOGY,DEVIT
DEV ACCELERATOR,DEVX
DEVYANI INTERNATIONAL,DEVYANI
DIGICONTENT,DGCONTENT
DHAMPUR SUGAR MILLS,DHAMPURSUG
DHANLAXMI BANK,DHANBANK
DHANI SERVICES,DHANI
DHANUKA AGRITECH,DHANUKA
DHARMAJ CROP GUARD,DHARMAJ
DHRUV CONSULTANCY SER,DHRUV
DHUNSERI INVESTMENTS,DHUNINV
DIAMOND POWER INFRA,DIACABS
DIAMINES & CHEMICALS,DIAMINESQ
PRATAAP SNACKS,DIAMONDYD
DIC INDIA,DICIND
DIFFUSION ENGINEERS,DIFFNKG
DIGIDRIVE DISTRIBUTORS L,DIGIDRIVE
DIGITIDE SOLUTIONS,DIGITIDE
DEBOCK INDUSTRIES,DIL
DISH TV INDIA,DISHTV
DIVGI TORQTRANSFER SYST L,DIVGIITTS
DIVI S LABORATORIES,DIVISLAB
DIXON TECHNO (INDIA),DIXON
DJ MEDIAPRINT & LOG,DJML
DLF,DLF
D-LINK INDIA,DLINKINDIA
AVENUE SUPERMARTS,DMART
DMCC SPECIALITY CHEMICALS,DMCC
DILIGENT MEDIA CORP,DNAMEDIA
DODLA DAIRY,DODLA
DOLAT ALGOTECH,DOLATALGO
DOLLAR INDUSTRIES,DOLLAR
DOLPHIN OFF ENT (IND) L,DOLPHIN
DOMS INDUSTRIES,DOMS
DONEAR IND.,DONEAR
D. P. ABHUSHAN,DPABHUSHAN
DPSC,DPSCLTD
D P WIRES,DPWIRES
DRC SYSTEMS INDIA,DRCSYSTEMS
DREAMFOLKS SERVICES,DREAMFOLKS
DREDGING CORP OF INDIA,DREDGECORP
DR. REDDY S LABORATORIES,DRREDDY
DYNACONS SYS & SOLN,DSSL
DHUNSERI TEA & IND.,DTIL
DUCON INFRATECHNOLOGIES L,DUCON
DHUNSERI VENTURES,DVL
DWARIKESH SUGAR IND,DWARKESH
DYNAMIC CABLES,DYCL
DYNAMATIC TECHNOLOGIES,DYNAMATECH
DYNEMIC PRODUCTS,DYNPRO
E2E NETWORKS,E2E
EASY TRIP PLANNERS,EASEMYTRIP
EDELAMC - EBANKNIFTY,EBANKNIFTY
GNG ELECTRONICS,EBGNG
EDELAMC - ECAPINSURE,ECAPINSURE
ECLERX SERVICES,ECLERX
ECOS (INDIA) MOB & HOSP L,ECOSMOBLTY
EDELWEISS FIN SERV,EDELWEISS
EFC (I),EFCIL
EDELAMC - EGOLD,EGOLD
EICHER MOTORS,EICHERMOT
EID PARRY INDIA,EIDPARRY
ENVIRO INFRA ENGINEERS L,EIEL
EURO (I) FRESH FOODS,EIFFL
EIH ASSOCIATED HOTELS - OBEROI HOTELS,EIHAHOTELS
EIH - OBEROI HOTELS,EIHOTEL
EIMCO ELECON (INDIA),EIMCOELECO
EVEREST KANTO CYLINDERLTD,EKC
ELDECO HSG & IND,ELDEHSG
ELECON ENG. CO.,ELECON
ELECTROSTEEL CASTINGS,ELECTCAST
ELECTROTHERM (I),ELECTHERM
ELGI EQUIPMENTS,ELGIEQUIP
ELIN ELECTRONICS,ELIN
EDELAMC - ELIQUID,ELIQUID
ELLENBARRIE INDUS GASES L,ELLEN
EDELAMC - ELM250,ELM250
EMAMI,EMAMILTD
EMAMI PAPER MILLS,EMAMIPAP
EMAMI REALTY,EMAMIREAL
EMBASSY DEVELOPMENTS,EMBDL
EMCURE PHARMACEUTICALS L,EMCURE
ELECTRONICS MART IND,EMIL
EMMBI INDUSTRIES,EMMBI
EMS,EMSLIMITED
EMUDHRA,EMUDHRA
EDELAMC - EMULTIMQ,EMULTIMQ
ENDURANCE TECHNO.,ENDURANCE
ENERGY DEVE. CO.LTD,ENERGYDEV
ENGINEERS INDIA,ENGINERSIN
ENTERTAIN NET. IND.,ENIL
SIEMENS ENERGY INDIA,ENRIN
ENTERO HEALTHCARE SOLU L,ENTERO
EPACK DURABLE,EPACK
EPACK PREFAB TECHN,EPACKPEB
EPIGRAL,EPIGRAL
EPL,EPL
MIRAEAMC - EQUAL200,EQUAL200
MIRAEAMC - EQUAL50,EQUAL50
EQUITAS SMALL FIN BNK,EQUITASBNK
ERIS LIFESCIENCES,ERIS
ESAB INDIA,ESABINDIA
ESAF SMALL FINANCE BANK L,ESAFSFB
ESCORTS KUBOTA,ESCORTS
EDELAMC - ESILVER,ESILVER
ESSAR SHIPPING,ESSARSHPNG
INTEGRA ESSENTIA,ESSENTIA
ESTER INDUSTRIES,ESTER
ETERNAL - ZOMATO,ETERNAL
ETHOS,ETHOSLTD
EUREKA FORBES,EUREKAFORB
EURO PANEL PRODUCTS,EUROBOND
EURO PRATIK SALES,EUROPRATIK
EUROTEX INDUSTRIES,EUROTEXIND
EVEREADY INDS. IND. ,EVEREADY
EVEREST INDUSTRIES,EVERESTIND
MIRAEAMC - EVINDIA,EVINDIA
EXCEL INDUSTRIES,EXCELINDUS
EXICOM TELE SYSTEMS,EXICOM
EXIDE INDUSTRIES,EXIDEIND
EXPLEO SOLUTIONS,EXPLEOSOL
EXXARO TILES,EXXARO
FACT,FACT
FAIRCHEM ORGANICS,FAIRCHEMOR
FAZE THREE,FAZE3Q
FINEOTEX CHEMICAL,FCL
FCS SOFTWARE SOLN.,FCSSOFT
FDC,FDC
FEDERAL BANK,FEDERALBNK
FEDBANK FINANCIAL SER L,FEDFINA
FIBERWEB INDIA,FIBERWEB
FIEM INDUSTRIES,FIEMIND
FILATEX INDIA,FILATEX
FILATEX FASHIONS,FILATFASH
FINOLEX CABLES,FINCABLES
FINE ORGANIC IND.,FINEORG
ICICIPRAMC-ICICIFIN,FINIETF
FINKURVE FINANCIAL SERV L,FINKURVE
FINO PAYMENTS BANK,FINOPB
FINOLEX INDUSTRIES,FINPIPE
BRAINBEES SOLUTIONS,FIRSTCRY
FISCHER MEDICAL VENTURE L,FISCHER
FIVE-STAR BUS FIN,FIVESTAR
FLAIR WRITING INDUST,FLAIR
DSPAMC - FLEXIADD,FLEXIADD
FLEXITUFF VENTURES INT L,FLEXITUFF
GUJARAT FLUOROCHEM,FLUOROCHEM
ICICIPRAMC - ICICIFMCG,FMCGIETF
FEDERAL-MOGUL GOETZE (IND,FMGOETZE
FUTURE MKT NETWORKS,FMNL
FOCUS LIGHTG & FIXTRS,FOCUS
FOODS & INNS,FOODSIN
FORCE MOTORS,FORCEMOT
FORTIS HEALTHCARE,FORTIS
FOSECO INDIA,FOSECOIND
FIRSTSOURCE SOLU.,FSL
FUSION FINANCE,FUSION
GABRIEL INDIA,GABRIEL
GUJARAT AMBUJA EXPORTS LT,GAEL
GAIL (INDIA),GAIL
GALA PRECISION ENG,GALAPREC
GALAXY SURFACTANTS,GALAXYSURF
GALLANTT ISPAT,GALLANTT
GANDHAR OIL REFINE IND L,GANDHAR
GANDHI SPL. TUBES,GANDHITUBE
GANESHA ECOSPHERE,GANECOS
GANESH BENZOPLAST,GANESHBE
GANESH CONSUMER PRODUCT L,GANESHCP
GANESH HOUSING,GANESHHOU
GANGA FORGING,GANGAFORGE
GANGES SECURITIES,GANGESSECU
GARWARE TECH FIBRES,GARFIBRES
GARUDA CONSTRUCT N ENG L,GARUDA
GACM TECHNOLOGIES,GATECH
GACM TECHNOLOGIES,GATECHDVR
GATEWAY DISTRIPARKS,GATEWAY
GRETEX CORPORATE SERVICES,GCSL
GEECEE VENTURES,GEECEE
GEEKAY WIRES,GEEKAYWIRE
GEM AROMATICS,GEMAROMA
GENERIC ENG CONS PROJ,GENCON
GENESYS INTL CORPN,GENESYS
GENUS P&B,GENUSPAPER
GENUS POWER INFRASTRU,GENUSPOWER
GEOJIT FINANCIAL SER L,GEOJITFSL
THE GE SHPG.LTD,GESHIP
GFL,GFLLIMITED
GHCL,GHCL
GHCL TEXTILES,GHCLTEXTIL
GIC HOUSING FINANCE,GICHSGFIN
GENERAL INS CORP OF INDIA,GICRE
GILLANDERS ARBUTHNOT,GILLANDERS
GILLETTE INDIA,GILLETTE
GUJ IND POW CO.,GIPCL
GK ENERGY,GKENERGY
GKW,GKWLIMITED
GLAND PHARMA,GLAND
GLAXOSMITHKLINE PHARMA LT,GLAXO
GLENMARK PHARMACEUTICALS,GLENMARK
GUJARAT LEASE FINANCING L,GLFL
GLOBAL EDUCATION,GLOBAL
GLOBALE TESSILE,GLOBALE
GLOBAL VEC HELICORP,GLOBALVECT
GLOBE TEXTILES (I),GLOBE
GLOBE CIVIL PROJECTS,GLOBECIVIL
GLOBUS SPIRITS,GLOBUSSPR
GLOSTER,GLOSTERLTD
GLOTTIS,GLOTTIS
G M BREWERIES,GMBREW
GUJARAT MINERAL DEV CORP,GMDCLTD
GMM PFAUDLER,GMMPFAUDLR
GMR AIRPORTS,GMRAIRPORT
GMR POW AND URBAN INFRA L,GMRP&UI
GNA AXLES,GNA
GUJ NAR VAL FER & CHEM L,GNFC
GOA CARBON,GOACARBON
GOCL CORPORATION,GOCLCORP
GO FASHION INDIA,GOCOLORS
GODAVARI BIOREFINERIES L,GODAVARIB
GODFREY PHILLIPS INDIA LT,GODFRYPHLP
GO DIGIT GENERAL INS,GODIGIT
GODREJ AGROVET,GODREJAGRO
GODREJ CONSUMER PRODUCTS,GODREJCP
GODREJ INDUSTRIES,GODREJIND
GODREJ PROPERTIES,GODREJPROP
GOKALDAS EXPORTS,GOKEX
GOKUL REFOILS & SOLV,GOKUL
GOKUL AGRO RESOURCES,GOKULAGRO
360ONEAMC - GOLD360,GOLD360
GOLDIAM INTERNATIONAL,GOLDIAM
AION-TECH SOLUTIONS,GOLDTECH
GOODLUCK INDIA,GOODLUCK
GOPAL SNACKS,GOPAL
GOYAL ALUMINIUMS,GOYALALUM
GODAWARI POW & ISP,GPIL
GUJARAT PIPAVAV PORT,GPPL
GPT HEALTHCARE,GPTHEALTH
GPT INFRAPROJECTS,GPTINFRA
GRANULES INDIA,GRANULES
GRAPHITE INDIA,GRAPHITE
GRASIM INDUSTRIES,GRASIM
GRAVITA INDIA,GRAVITA
GREAVES COTTON,GREAVESCOT
GREENLAM INDUSTRIES,GREENLAM
GREENPANEL INDUSTRIES,GREENPANEL
GREENPLY INDUSTRIES,GREENPLY
ORIENT GREEN POWER CO,GREENPOWER
GRINDWELL NORTON,GRINDWELL
G R INFRAPROJECTS,GRINFRA
GRM OVERSEAS,GRMOVER
THE GROB TEA COMPANY,GROBTEA
GROWWAMC - GROWWDEFNC,GROWWDEFNC
GROWWAMC - GROWWEV,GROWWEV
GROWWAMC - GROWWGOLD,GROWWGOLD
GROWWAMC - GROWWLIQID,GROWWLIQID
GROWWAMC - GROWWLOVOL,GROWWLOVOL
GROWWAMC - GROWWMOM50,GROWWMOM50
GROWWAMC - GROWWN200,GROWWN200
GROWWAMC - GROWWNET,GROWWNET
GROWWAMC - GROWWNIFTY,GROWWNIFTY
GROWWAMC - GROWWNXT50,GROWWNXT50
GROWWAMC - GROWWPOWER,GROWWPOWER
GROWWAMC - GROWWRAIL,GROWWRAIL
GROWWAMC - GROWWRLTY,GROWWRLTY
GROWWAMC - GROWWSLVR,GROWWSLVR
GRP,GRPLTD
GARDEN REACH SHIP&ENG,GRSE
GARWARE HI-TECH FILMS,GRWRHITECH
BIRLASLAMC - GSEC10ABSL,GSEC10ABSL
ICICIPRAMC - ICICI10GS,GSEC10IETF
ICICIPRAMC - ICICI5GSEC,GSEC5IETF
GUJ STATE FERT & CHEM,GSFC
GLOBAL SURFACES,GSLSU
GUJARAT STATE PETRO,GSPL
G-TEC JAINX EDUCATION,GTECJAINX
GTL,GTL
GTL INFRA.LTD,GTLINFRA
GTPL HATHWAY,GTPL
GUFIC BIOSCIENCES,GUFICBIO
GUJARAT ALKALIES & CHEM,GUJALKALI
GUJARAT GAS,GUJGASLTD
GUJARAT RAFFIA INDUST,GUJRAFFIA
GUJARAT THEMIS BIOSYN,GUJTHEM
GULF OIL LUB. IND.,GULFOILLUB
GP PETROLEUMS,GULFPETRO
GULSHAN POLYOLS,GULPOLY
GE POWER INDIA,GVPIL
GVP INFOTECH,GVPTECH
GE VERNOVA T&D INDIA,GVT&D
HINDUSTAN AERONAUTICS,HAL
HAPPIEST MINDS TECHNO,HAPPSTMNDS
HAPPY FORGINGS,HAPPYFORGE
HARDWYN INDIA,HARDWYN
HARIOM PIPE INDUSTRIES L,HARIOMPIPE
HARRISON MALAYALAM,HARRMALAYA
HARSHA ENGINEERS INT,HARSHA
HATHWAY CABLE & DATACOM,HATHWAY
HATSUN AGRO PRODUCT,HATSUN
HAVELLS INDIA,HAVELLS
SRI HAVISHA HOSP & INFR L,HAVISHA
HBL ENGINEERING,HBLENGINE
HB STOCKHOLDINGS,HBSL
HINDUSTAN CONSTRUCTION CO,HCC
HEALTHCARE GLOB. ENT.,HCG
HCL TECHNOLOGIES,HCLTECH
HDB FINANCIAL SERVICES L,HDBFS
HDFC AMC,HDFCAMC
HDFC BANK,HDFCBANK
HDFCAMC - HDFCBSE500,HDFCBSE500
HDFCAMC - HDFCGROWTH,HDFCGROWTH
HDFC LIFE INS CO,HDFCLIFE
HDFCAMC - HDFCLIQUID,HDFCLIQUID
HDFCAMC - HDFCLOWVOL,HDFCLOWVOL
HDFCAMC - HDFCMID150,HDFCMID150
HDFCAMC - HDFCMOMENT,HDFCMOMENT
HDFCAMC - HDFCNEXT50,HDFCNEXT50
HDFCAMC - HDFCNIF100,HDFCNIF100
HDFCAMC - HDFCNIFBAN,HDFCNIFBAN
HDFCAMC - HDFCNIFIT,HDFCNIFIT
HDFCAMC - HDFCNIFTY,HDFCNIFTY
HDFCAMC HDFCPSUBK,HDFCPSUBK
HDFCAMC - HDFCPVTBAN,HDFCPVTBAN
HDFCAMC - HDFCQUAL,HDFCQUAL
HDFCAMC - HDFCSENSEX,HDFCSENSEX
HDFCAMC - HDFCSILVER,HDFCSILVER
HDFCAMC - HDFCSML250,HDFCSML250
HDFCAMC - HDFCVALUE,HDFCVALUE
HEADS UP VENTURES,HEADSUP
DSPAMC - HEALTHADD,HEALTHADD
ICICIPRAMC - ICICIPHARM,HEALTHIETF
BIRLASLAMC - HEALTHY,HEALTHY
HEC INFRA PROJECTS,HECPROJECT
HEG,HEG
HEIDELBERGCEMENT (I),HEIDELBERG
HEMISPHERE PROP IND,HEMIPROP
HERANBA INDUSTRIES,HERANBA
HERCULES HOI.,HERCULES
HERITAGE FOODS,HERITGFOOD
HERO MOTOCORP,HEROMOTOCO
HESTER BIOSCIENCES,HESTERBIO
HEUBACH COLORANTS IND,HEUBACHIND
HEXA TRADEX,HEXATRADEX
HEXAWARE TECHNOLOGIES,HEXT
HFCL,HFCL
H.G.INFRA ENGINEERING,HGINFRA
HINDUJA GLOBAL SOLS.,HGS
HIKAL,HIKAL
HIGHWAY INFRASTRUCTURE L,HILINFRA
HILTON METAL FORGING,HILTON
HIMATSINGKA SEIDE,HIMATSEIDE
HINDALCO  INDUSTRIES ,HINDALCO
HINDUSTAN COMPOSITES,HINDCOMPOS
HINDCON CHEMICALS,HINDCON
HINDUSTAN COPPER,HINDCOPPER
HINDUSTAN OIL EXPLORATION,HINDOILEXP
HINDUSTAN PETROLEUM CORP,HINDPETRO
HINDUSTAN UNILEVER,HINDUNILVR
HINDWARE HME INOVATON,HINDWAREAP
HINDUSTAN ZINC,HINDZINC
HIND RECTIFIER,HIRECT
HISAR METAL IND.,HISARMETAL
HI-TECH PIPES,HITECH
HITECH CORPORATION,HITECHCORP
HLE GLASCOAT,HLEGLAS
HLV,HLVLTD
HMA AGRO INDUSTRIES,HMAAGRO
HINDUSTAN MEDIA VENT,HMVL
HINDUSTAN FOODS,HNDFDS
HOME FIRST FIN CO IND,HOMEFIRST
HONASA CONSUMER - MAMAEARTH,HONASA
HONEYWELL AUTOMATION IND,HONAUT
HONDA I POWER PRODUCT,HONDAPOWER
HP ADHESIVES,HPAL
HINDPRAKASH INDUSTRY,HPIL
HPL ELECTRIC & POWER,HPL
HIMADRI SPECIALITY CHEM L,HSCL
HUBTOWN,HUBTOWN
HSG & URBAN DEV CORPN,HUDCO
HUHTAMAKI INDIA,HUHTAMAKI
HYBRID FINANCIAL SERVICE,HYBRIDFIN
HYUNDAI MOTOR INDIA,HYUNDAI
ICE MAKE REFRIGERAT,ICEMAKE
ICICIPRAMC - BHARATIWIN,ICICIB22
ICICI BANK,ICICIBANK
ICICI LOMBARD GIC,ICICIGI
ICICI PRU LIFE INS CO,ICICIPRULI
INDO COUNT INDUSTRIES,ICIL
ICRA,ICRA
IDBI BANK,IDBI
VODAFONE IDEA,IDEA
IDEAFORGE TECHNO,IDEAFORGE
IDFC FIRST BANK,IDFCFIRSTB
BANDHANAMC - IDFNIFTYET,IDFNIFTYET
INDIAN ENERGY EXC,IEX
IFB AGRO INDUSTRIES,IFBAGRO
IFB INDUSTRIES,IFBIND
IFCI,IFCI
IFGL REFRACTORIES,IFGLEXPOR
IGARASHI MOTORS INDIA,IGARASHI
INDOGULF CROPSCIENCES,IGCL
INTERNATIO GEMM INS (I) L,IGIL
INDRAPRASTHA GAS,IGL
I G PETROCHEMICALS,IGPL
IIFL FINANCE,IIFL
IIFL CAPITAL SERVICES,IIFLCAPS
INDUSTRIAL INV TRUST,IITL
IKIO TECHNOLOGIES,IKIO
INVENTURUS KNOWLEDGE SO L,IKS
IMAGICAAWORLD ENT,IMAGICAA
INDIAN METALS & FERRO,IMFA
IND MOTOR PART & ACC,IMPAL
INCREDIBLE INDUSTRIES,INCREDIBLE
INDBANK MERCH BANK,INDBANK
INDEGENE,INDGN
THE INDIAN HOTELS CO.,INDHOTEL
THE INDIA CEMENTS,INDIACEM
INDIA GLYCOLS,INDIAGLYCO
INDIAMART INTERMESH,INDIAMART
INDIAN BANK,INDIANB
INDIAN CARD CLOTHING CO.,INDIANCARD
INDIAN HUME PIPE CO.,INDIANHUME
INDIA SHELTER FIN CORP L,INDIASHLTR
INTERGLOBE AVIATION,INDIGO
INDIGO PAINTS,INDIGOPNTS
INDIQUBE SPACES,INDIQUBE
INDIA NIPPON ELECT ,INDNIPPON
INDO AMINES,INDOAMIN
INDOCO REMEDIES,INDOCO
INDO FARM EQUIPMENT,INDOFARM
INDO RAMA SYNTHETICS,INDORAMA
INDOSTAR CAPITAL FIN,INDOSTAR
INDO TECH TRANSFORM,INDOTECH
INDO US BIOTECH,INDOUS
INDOWIND ENERGY,INDOWIND
INDRAPRASTHA MEDICAL CORP,INDRAMEDCO
IND SWIFT LABORATORIES LT,INDSWFTLAB
IND TERRAIN FASHIONS,INDTERRAIN
INDUSIND BANK,INDUSINDBK
INDUS TOWERS,INDUSTOWER
INFIBEAM AVENUES,INFIBEAM
INFOBEANS TECHNO.,INFOBEAN
ICICIPRAMC - ICICIINFRA,INFRAIETF
INFOSYS,INFY
INGERSOLL-RAND INDIA,INGERRAND
INNOVA CAPTAB,INNOVACAP
INOX GREEN ENERGY SER,INOXGREEN
INOX INDIA,INOXINDIA
INOX WIND,INOXWIND
INSECTICIDES (I),INSECTICID
INSPIRISYS SOLUTIONS,INSPIRISYS
INTELLECT DESIGN ARENA,INTELLECT
INTERARCH BLDNG SOLTN,INTERARCH
MIRAEAMC - INTERNET,INTERNET
INTL CONVEYORS,INTLCONV
INVENTURE GRO & SEC,INVENTURE
INDIAN OVERSEAS BANK,IOB
INDIAN OIL CORP,IOC
IOL CHEM AND PHARMA,IOLCP
ION EXCHANGE (INDIA),IONEXCHANG
IPCA LABORATORIES,IPCALAB
INDIA PESTICIDES,IPL
IRB INFRA DEV,IRB
IRCON INTERNATIONAL,IRCON
INDIAN RAIL TOUR CORP,IRCTC
INDIAN RENEWABLE ENERGY,IREDA
INDIAN RAILWAY FIN CORP L,IRFC
IRIS BUSINESS SERV,IRIS
IRIS CLOTHINGS,IRISDOREME
IRM ENERGY,IRMENERGY
INTRASOFT TECH.,ISFT
ISGEC HEAVY ENG,ISGEC
KOTAKMAMC - KOTAKIT,IT
ITC,ITC
ITC HOTELS,ITCHOTELS
INDIA TOUR. DEV. CO.,ITDC
ITI,ITI
ICICIPRAMC - ICICITECH,ITIETF
IVALUE INFOSOLUTIONS,IVALUE
IL&FS INVESTMENT MANAGERS,IVC
IVP,IVP
LE TRAVENUES TECHNOLOGY L,IXIGO
J & K BANK,J&KBANK
JAGRAN PRAKASHAN,JAGRAN
JAGSONPAL PHARMACEUTICALS,JAGSNPHARM
JAI BALAJI INDUSTRIES,JAIBALAJI
JAI CORP,JAICORPLTD
JAIN RESOURCE RECYCLING L,JAINREC
NANDANI CREATION,JAIPURKURT
JAMNA AUTO IND,JAMNAAUTO
JARO INS OF TEC MG N RE L,JARO
JASH ENGINEERING,JASH
JAYANT AGRO ORGANICS,JAYAGROGN
JAYASWAL NECO INDUSTR,JAYNECOIND
JAYSHREE TEA & INDUSTRIES,JAYSREETEA
J B CHEMICALS AND PHARMA,JBCHEPHARM
JBM AUTO,JBMA
JOHNSON CONTROLS HITACHI,JCHAC
JET FREIGHT LOGISTICS,JETFREIGHT
J.G.CHEMICALS,JGCHEM
JHS SVEND. LAB.,JHS
JINDAL PHOTO,JINDALPHOT
JINDAL POLY FILMS,JINDALPOLY
JINDAL SAW,JINDALSAW
JINDAL STEEL,JINDALSTEL
JINDAL DRILLING IND.,JINDRILL
JINDAL WORLDWIDE,JINDWORLD
JIO FIN SERVICES,JIOFIN
JAIN DVR EQUITY SHARES,JISLDVREQS
JAIN IRRIGATION SYSTEMS,JISLJALEQS
JK CEMENT,JKCEMENT
JKUMAR INFR.LTD.,JKIL
JINKUSHAL INDUSTRIES,JKIPL
JK LAKSHMI CEMENT,JKLAKSHMI
JK PAPER,JKPAPER
JK TYRE & INDUSTRIES,JKTYRE
JUPITER LIFE LINE HOSP L,JLHL
JULLUNDUR MOT AGENCY,JMA
JM FINANCIAL,JMFINANCIL
JNK INDIA,JNKINDIA
JOCIL,JOCIL
JIND POL INV & FIN CO,JPOLYINVST
JAIPRAKASH POWER VEN.,JPPOWER
JANA SMALL FIN BANK,JSFB
JINDAL STAINLESS,JSL
JEENA SIKHO LIFECARE,JSLL
JSW CEMENT,JSWCEMENT
JSW ENERGY,JSWENERGY
JSW HOLDINGS,JSWHL
JSW INFRASTRUCTURE,JSWINFRA
JSW STEEL,JSWSTEEL
JTEKT INDIA,JTEKTINDIA
JTL INDUSTRIES,JTLIND
JUBILANT FOODWORKS,JUBLFOOD
JUBILANT INGREVIA,JUBLINGREA
JUBILANT PHARMOVA,JUBLPHARMA
JUNIPER HOTELS,JUNIPER
JUSTDIAL,JUSTDIAL
JUPITER WAGONS,JWL
JYOTHY LABS,JYOTHYLAB
JYOTI CNC AUTOMATION,JYOTICNC
JYOTI STRUCTURES,JYOTISTRUC
KABRA EXTRUSION TECHNIK L,KABRAEXTRU
KAJARIA CERAMICS,KAJARIACER
KAKATIYA CEM SUGAR &IND L,KAKATCEM
SAI SILKS (KALAMANDIR) L,KALAMANDIR
KALPATARU,KALPATARU
KALYANI FORGE,KALYANIFRG
KALYAN JEWELLERS IND,KALYANKJIL
KAMAT HOTELS (I),KAMATHOTEL
KAMDHENU,KAMDHENU
KAMDHENU VENTURES,KAMOPAINTS
KANANI INDUSTRIES,KANANIIND
KANORIA CHEMICALS & INDUS,KANORICHEM
KANPUR PLASTIPACK,KANPRPLA
KANSAI NEROLAC PAINTS,KANSAINER
KAPSTON SERVICES,KAPSTON
KARUR VYSYA BANK,KARURVYSYA
KAYNES TECHNOLOGY IND,KAYNES
KCP,KCP
KCP SUGAR IND CORP,KCPSUGIND
KDDL,KDDL
KEC INTL.,KEC
KIRLOSKAR ELECTRIC CO,KECL
DSJ KEEP LEARNING,KEEPLEARN
KEI INDUSTRIES,KEI
KELLTON TECH SOL,KELLTONTEC
KERNEX MICROSYS(I),KERNEX
KESORAM INDUSTRIES,KESORAMIND
KEYNOTE FIN SERV,KEYFINSERV
KFIN TECHNOLOGIES,KFINTECH
KHADIM INDIA,KHADIM
KHAITAN CHEM & FERT,KHAICHEM
KHAITAN (INDIA)LTD.,KHAITANLTD
KHANDWALA SECURITIES,KHANDSE
KALYANI INVEST CO,KICL
KILITCH DRUGS INDIA,KILITCH
KRISHNA INST OF MED SCI L,KIMS
KIRI INDUSTRIES,KIRIINDUS
KIRLOSKAR BROTHERS,KIRLOSBROS
KIRLOSKAR OIL ENG,KIRLOSENG
KIRLOSKAR INDUSTRIES,KIRLOSIND
KIRLOSKAR PNEUMATIC COM L,KIRLPNU
KITEX GARMENTS,KITEX
KEWAL KIRAN CLOTHING,KKCL
KNOWLEDGE MARINE & EN W L,KMEW
K M SUGAR MILLS,KMSUGAR
KNR CONSTRU,KNRCON
KOHINOOR FOODS,KOHINOOR
KOKUYO CAMLIN,KOKUYOCMLN
KOLTE PATIL DEV.,KOLTEPATIL
KOPRAN,KOPRAN
KOTAK MAHINDRA BANK,KOTAKBANK
KOTHARI SUG & CHEM,KOTARISUG
KOTHARI PETROCHEM,KOTHARIPET
KOTHARI PRODUCTS,KOTHARIPRO
K.P. ENERGY,KPEL
KPI GREEN ENERGY,KPIGREEN
KALPATARU PROJECT INT,KPIL
KPIT TECHNOLOGIES,KPITTECH
KPR MILL,KPRMILL
KRBL,KRBL
KREBS BIOCHEMICALS & IND,KREBSBIO
KRIDHAN INFRA,KRIDHANINF
KRISHANA PHOSCHEM,KRISHANA
KRISHIVAL FOODS,KRISHIVAL
KRITI INDUSTRIES IND,KRITI
KRITIKA WIRES,KRITIKA
KRITI NUTRIENTS,KRITINUT
KRN HEAT EXCHANGE N REF L,KRN
KRONOX LAB SCIENCES,KRONOX
KROSS,KROSS
KRSNAA DIAGNOSTICS,KRSNAA
KRYSTAL INTEGRATED SER L,KRYSTAL
KSB,KSB
KAVERI SEED CO.,KSCL
KSHITIJ POLYLINE,KSHITIJPOL
KALYANI STEELS,KSL
KSOLVES INDIA,KSOLVES
KARNATAKA BANK,KTKBANK
KUANTUM PAPERS,KUANTUM
LAGNAM SPINTEX,LAGNAM
LORENZINI APPARELS,LAL
DR. LAL PATH LABS,LALPATHLAB
LAMBODHARA TEXTILES,LAMBODHARA
LANCOR HOLDINGS,LANCORHOL
LANDMARK CARS,LANDMARK
LA OPALA RG,LAOPALA
LATENT VIEW ANALYTICS,LATENTVIEW
LATTEYS INDUSTRIES,LATTEYS
LAURUS LABS,LAURUSLABS
LAXMI COTSPIN,LAXMICOT
LAXMI DENTAL,LAXMIDENTL
LAXMI INDIA FINANCE,LAXMIINDIA
LCC INFOTECH,LCCINFOTEC
LEMON TREE HOTELS,LEMONTREE
LEXUS GRANITO (INDIA),LEXUS
LAKSHMI FIN IND CORP,LFIC
LG BALAKRISHNAN & BROS,LGBBROSLTD
LG ELECTRONICS INDIA,LGEINDIA
LAXMI GOLDORNA HOUSE,LGHL
LIBAS CONSU PRODUCTS,LIBAS
LIBERTY SHOES,LIBERTSHOE
LIC HOUSING FINANCE,LICHSGFIN
LIFE INSURA CORP OF INDIA,LICI
LICNAMC - LICNMFET,LICNETFGSC
LICNAMC - LICNFENGP,LICNETFN50
LICNAMC - LICNFESGP,LICNETFSEN
LICNAMC - LICNFNHGP,LICNFNHGP
LICNAMC - LICNMID100,LICNMID100
LIKHITHA INFRASTRUC,LIKHITHA
LINC,LINC
LINCOLN PHARMA,LINCOLN
LINDE INDIA,LINDEINDIA
NIPPONAMC - LIQGRWBEES,LIQGRWBEES
MIRAEAMC - LIQUID,LIQUID
KOTAKMAMC - KOTAKLIQ,LIQUID1
DSPAMC - LIQUIDADD,LIQUIDADD
ICICIPRAMC - ICICILIQ,LIQUIDIETF
MIRAEAMC - LIQUIDPLUS,LIQUIDPLUS
SBIAMC - LIQUIDSBI,LIQUIDSBI
SHRIRAM - LIQUIDSHRI,LIQUIDSHRI
LLOYDS ENGG WORK,LLOYDSENGG
LLOYDS ENTERPRISES,LLOYDSENT
LLOYDS METALS N ENERGY L,LLOYDSME
LMW,LMW
LODHA DEVELOPERS,LODHA
LOKESH MACHINES,LOKESHMACH
SRI LOTUS DEVLPRS N RTY L,LOTUSDEV
LOVABLE LINGERIE,LOVABLE
MIRAEAMC - MANV30F,LOWVOL
KOTAKMAMC - KOTAKLOVOL,LOWVOL1
LOYAL TEXTILE MILLS,LOYALTEX
LANDMARK PR.DEV.CO.LTD,LPDC
LARSEN & TOUBRO,LT
L&T FINANCE,LTF
LT FOODS,LTFOODS
ZERODHAAMC - LTGILTCASE,LTGILTCASE
LTIMINDTREE,LTIM
L&T TECHNOLOGY SER.,LTTS
LUMAX INDUSTRIES,LUMAXIND
LUMAX AUTO TECH,LUMAXTECH
LUPIN,LUPIN
LUX INDUSTRIES,LUXIND
LAXMI ORGANIC INDUS,LXCHEM
LYKA LABS,LYKALABS
LYPSA GEMS & JEWEL,LYPSAGEMS
MAHINDRA & MAHINDRA,M&M
M&M FIN. SERVICES,M&MFIN
MAAN ALUMINIUM,MAANALU
MACPOWER CNC MACHINES,MACPOWER
MADHAV MARBLE & GRANITE,MADHAV
MADHUCON PROJECTS,MADHUCON
MADRAS FERTILISERS,MADRASFERT
MIRAEAMC - MAFANG,MAFANG
MAGADH SUGAR & ENERGY,MAGADSUGAR
MAGNUM VENTURES,MAGNUM
BANK OF MAHARASHTRA,MAHABANK
MAHA RASHTRA APEX COPR. L,MAHAPEXLTD
MAHINDRA EPC IRRIG,MAHEPC
MAHESHWARI LOGISTICS,MAHESHWARI
MIRAEAMC - MAHKTECH,MAHKTECH
MAHINDRA LIFESPACE DEVLTD,MAHLIFE
MAHINDRA LOGISTIC,MAHLOG
MAHARASHTRA SCOOTERS,MAHSCOOTER
MAHARASHTRA SEAMLESS,MAHSEAMLES
MAITHAN ALLOYS,MAITHANALL
MALLCOM (INDIA),MALLCOM
MALU PAPER MILLS,MALUPAPER
MAMATA MACHINERY,MAMATA
MAN COAT METAL & IND,MANAKCOAT
MANAKSIA,MANAKSIA
MANAKSIA STEELS,MANAKSTEEL
MANALI PETROCHEMICALS LT,MANALIPETC
MANAPPURAM FINANCE,MANAPPURAM
MANBA FINANCE,MANBA
MANGAL CREDIT N FINCORP L,MANCREDIT
MANGALAM DRUG & CHEM,MANGALAM
MANG.CHEM.FERT.LTD,MANGCHEFER
MANGALAM CEMENT,MANGLMCEM
MAN INDUSTRIES (I),MANINDS
MAN INFRA,MANINFRA
MANKIND PHARMA,MANKIND
MANOMAY TEX INDIA,MANOMAY
MANORAMA INDUSTRIES,MANORAMA
MANGALAM ORGANICS,MANORG
NIPPONAMC - MANUFGBEES,MANUFGBEES
VEDANT FASHIONS,MANYAVAR
C.E. INFO SYSTEMS,MAPMYINDIA
MARAL OVERSEAS,MARALOVER
MARATHON NXTGEN REALT,MARATHON
MARICO,MARICO
MARINE ELECTRICAL (I),MARINE
MARKOLINES PAVEMENT TEC L,MARKOLINES
MARKSANS PHARMA,MARKSANS
MARUTI SUZUKI INDIA,MARUTI
MAS FINANCIAL SERV,MASFIN
MASK INVESTMENTS,MASKINVEST
MIRAEAMC - MASPTOP50,MASPTOP50
MASTEK,MASTEK
MASTER TRUST,MASTERTR
MATRIMONY.COM,MATRIMONY
MAWANA SUGARS,MAWANASUG
MAX ESTATES,MAXESTATES
MAX HEALTHCARE INS,MAXHEALTH
MAX INDIA,MAXIND
MAYUR UNIQUOTERS,MAYURUNIQ
MAZDA,MAZDA
MAZAGON DOCK SHIPBUIL,MAZDOCK
MADHYA BHARAT AGRO P.,MBAPL
M AND B ENGINEERING,MBEL
MBL INFRASTRUCTURE,MBLINFRA
MAGELLANIC CLOUD,MCLOUD
MULTI COMMODITY EXCHANGE,MCX
GLOBAL HEALTH,MEDANTA
MEDI ASSIST HEALTH SER L,MEDIASSIST
MEDICAMEN BIOTECH,MEDICAMEQ
MEDPLUS HEALTH SERV,MEDPLUS
MEGASOFT,MEGASOFT
MEGASTAR FOODS,MEGASTAR
MANGAL ELECTRICAL IND L,MEIL
MENON BEARINGS,MENONBE
MIRAEAMC - METAL,METAL
METRO BRANDS,METROBRAND
METROPOLIS HEALTHCARE,METROPOLIS
MAHALAXMI FABRIC MILLS LT,MFML
MAX FINANCIAL SERV,MFSL
MANGALAM GLOBAL ENT,MGEL
MAHANAGAR GAS,MGL
MAHALAXMI RUBTECH,MHLXMIRU
MAHINDRA HOLIDAYS,MHRIL
MIC ELECTRONICS,MICEL
KOTAKMAMC - MID150,MID150
KOTAKMAMC - KOTAKMID50,MIDCAP
ICICIPRAMC - ICICIM150,MIDCAPIETF
MISHRA DHATU NIGAM,MIDHANI
MIRAEAMC - MIDSMALL,MIDSMALL
MINDA CORPORATION,MINDACORP
MINDTECK (INDIA),MINDTECK
MIRZA INTERNATIONAL LIMIT,MIRZAINT
MITCON CON & ENG SER,MITCON
MITTAL LIFE STYLE,MITTAL
M K PROTEINS,MKPL
MM FORGINGS,MMFL
MMP INDUSTRIES,MMP
MMTC,MMTC
KOTAKMAMC - KOTAKMNC,MNC
MOTILALAMC - MOALPHA50,MOALPHA50
ONE MOBIKWIK SYSTEMS,MOBIKWIK
MOTILALAMC - MOCAPITAL,MOCAPITAL
MOTILALAMC - MODEFENCE,MODEFENCE
MODI RUBBER,MODIRUBBER
MODISON,MODISONLTD
MODERN THREADS INDIA,MODTHREAD
MOTILALAMC - MOENERGY,MOENERGY
MOTILALAMC - MOGOLD,MOGOLD
MOTILALAMC - G5,MOGSEC
MOTILALAMC - MOHEALTH,MOHEALTH
MOIL,MOIL
MOTILALAMC - MOINFRA,MOINFRA
MOKSH ORNAMENTS,MOKSH
MEGHMANI ORGANICS,MOL
MOLD-TEK TECHNOLOGIES,MOLDTECH
MOLD-TEK PACKAGING,MOLDTKPAC
MOTILALAMC - MOLOWVOL,MOLOWVOL
ICICIPRAMC - ICICIMOM30,MOM30IETF
BIRLASLAMC - MOMENTUM,MOMENTUM
KOTAKMAMC - MOMENTUM30,MOMENTUM30
MOTILALAMC - MOMENTUM50,MOMENTUM50
MOTILALAMC - MOMGF,MOMGF
MOTILALAMC - MOMIDMTM,MOMIDMTM
MOTILALAMC - MOMOMENTUM,MOMOMENTUM
MOTILALAMC - MON50EQUAL,MON50EQUAL
MONARCH NETWORTH CAP,MONARCH
MOTILALAMC - MONEXT50,MONEXT50
MONEYBOXX FINANCE,MONEYBOXX
MOTILALAMC - MONIFTY100,MONIFTY100
MOTILALAMC - MONIFTY500,MONIFTY500
MOTILALAMC - MONQ50,MONQ50
MONTE CARLO FASHIONS,MONTECARLO
MOTILALAMC - MOPSE,MOPSE
MOTILALAMC - MOQUALITY,MOQUALITY
MOTILALAMC - MOREALTY,MOREALTY
MOREPEN LAB.,MOREPENLAB
MOSCHIP TECHNOLOGIES,MOSCHIP
MOTILALAMC - MOSILVER,MOSILVER
MOTILALAMC - MOSMALL250,MOSMALL250
SAMVRDHNA MTHRSN INTL,MOTHERSON
MOTILAL OSWAL FIN,MOTILALOFS
MOTISONS JEWELLERS,MOTISONS
MOTOR & GENERAL FINANCE L,MOTOGENFIN
MOTILALAMC - MOTOUR,MOTOUR
MOTILALAMC - MOVALUE,MOVALUE
MPHASIS,MPHASIS
MPS,MPSLTD
MRF,MRF
MRPL,MRPL
KOTAKMAMC - MSCIINDIA,MSCIINDIA
MSP STEEL & POWER,MSPL
MSTC,MSTCLTD
MOTHERSON SUMI WRNG IND L,MSUMI
MTAR TECHNOLOGIES,MTARTECH
MAHANAGAR TELEPHONE NIGAM,MTNL
MUFIN GREEN FINANCE,MUFIN
CREDO BRANDS MARKETING L,MUFTI
MUKAND,MUKANDLTD
MUKKA PROTEINS,MUKKA
MUKTA ARTS,MUKTAARTS
MIRAEAMC - MULTICAP,MULTICAP
MUNJAL AUTO IND.,MUNJALAU
MUNJAL SHOWA,MUNJALSHOW
MURUDESHWAR CERAMICS,MURUDCERA
MUTHOOT CAP SERV,MUTHOOTCAP
MUTHOOT FINANCE,MUTHOOTFIN
MUTHOOT MICROFIN,MUTHOOTMF
MANOJ VAIBHAV GEM N JEW L,MVGJL
MANGALAM WORLDWIDE,MWL
NAGARJUN FERT AND CHE,NAGAFERT
NAGREEKA EXPORTS,NAGREEKEXP
NAHAR CAP & FIN.,NAHARCAP
NAHAR INDS ENT,NAHARINDUS
NAHAR POLY FILMS,NAHARPOLY
NAHAR SPINNING MILLS,NAHARSPING
NATCO PHARMA,NATCOPHARM
NATH BIO-GENES (I),NATHBIOGEN
NATIONAL ALUMINIUM CO,NATIONALUM
INFO EDGE (I),NAUKRI
NAVA,NAVA
NAVIN FLUORINE INT.,NAVINFLUOR
NAVKAR CORPORATION,NAVKARCORP
NAVNEET EDUCATION,NAVNETEDUL
NAZARA TECHNOLOGIES,NAZARA
NBCC (INDIA),NBCC
N.B.I. IND. FIN. CO.,NBIFIN
NCC,NCC
NCL INDUSTRIES,NCLIND
NAGA DHUNSERI GROUP,NDGL
NANDAN DENIM,NDL
NDR AUTO COMPONENTS,NDRAUTO
NDTV,NDTV
NORTH EAST CARRY CORP,NECCLTD
NELCAST,NELCAST
NELCO,NELCO
NEOGEN CHEMICALS,NEOGEN
NESCO,NESCO
NESTLE INDIA,NESTLEIND
NETWEB TECH INDIA,NETWEB
NETWORK18 MEDIA & INV,NETWORK18
NEULAND LAB,NEULANDLAB
NEWGEN SOFTWARE TECH,NEWGEN
DSPAMC - NEXT30ADD,NEXT30ADD
MIRAEAMC - MANXT50,NEXT50
ICICIPRAMC - ICICINXT50,NEXT50IETF
NEXT MEDIAWORKS,NEXTMEDIA
NATIONAL FERT.,NFL
NAKODA GROUP OF IND.,NGIL
NGL FINE CHEM,NGLFINE
NARAYANA HRUDAYALAYA,NH
NHPC,NHPC
THE NEW INDIA ASSU CO,NIACL
NIBE,NIBE
NRB INDUS. BEARINGS,NIBL
UTIAMC - NIFMID150,NIFMID150
KOTAKMAMC - NIFTY100EW,NIFTY100EW
ZERODHAAMC - NIFTYCASE,NIFTYCASE
BIRLASLAMC - NIFTYQLITY,NIFTYQLITY
NIIT,NIITLTD
NIIT LEARNING SYSTEMS,NIITMTS
NILA INFRASTRUCTURES,NILAINFRA
NILKAMAL,NILKAMAL
NINTEC SYSTEMS,NINSYS
INDO-NATIONAL,NIPPOBATRY
NIRAJ CEMENT STRUC,NIRAJ
NIRAJ ISPAT IND,NIRAJISPAT
NITCO,NITCO
NITIN SPINNERS,NITINSPIN
NITIRAJ ENGINEERS,NITIRAJ
NIVA BUPA HEALTH INS CO L,NIVABUPA
NK INDUSTRIES,NKIND
NLC INDIA,NLCINDIA
NMDC,NMDC
NOCIL,NOCIL
NOIDA TOLL BRIDGE CO,NOIDATOLL
NORTHERN ARC CAPITAL,NORTHARC
NOVA AGRITECH,NOVAAGRI
TATAAML - NPBET,NPBET
NETWORK PEOPLE SRV TECH L,NPST
N R AGARWAL INDS,NRAIL
NRB BEARING,NRBBEARING
NUPUR RECYCLERS,NRL
NALWA SONS INVESTMENT,NSIL
NMDC STEEL,NSLNISP
NTPC,NTPC
NTPC GREEN ENERGY,NTPCGREEN
NUCLEUS SOFTWARE EXPORTS,NUCLEUS
NURECA,NURECA
NUVAMA WEALTH MANAGE,NUVAMA
NUVOCO VISTAS CORP,NUVOCO
FSN E COMMERCE VENTURES,NYKAA
ORIENTAL AROMATICS,OAL
ORISSA BENGAL CARRIER,OBCL
OBEROI REALTY,OBEROIRLTY
OCCL,OCCLLTD
ORACLE FIN SERV SOFT,OFSS
OIL INDIA,OIL
OIL COUNTRY TUBULAR,OILCOUNTUB
OLECTRA GREENTECH,OLECTRA
OMAXE,OMAXE
OM INFRA,OMINFRAL
ONELIFE CAP ADVISORS,ONELIFECAP
ONE POINT ONE SOL,ONEPOINT
ONESOURCE SPECL PHARMA L,ONESOURCE
OIL AND NATURAL GAS CORP.,ONGC
ONMOBILE GLOBAL,ONMOBILE
ONWARD TECHNOLOGIES,ONWARDTEC
OPTIEMUS INFRACOM,OPTIEMUS
ORBIT EXPORTS,ORBTEXP
ORCHID PHARMA,ORCHPHARMA
ORICON ENTERPRISES,ORICONENT
ORIENTAL TRIMEX,ORIENTALTL
ORIENT BELL,ORIENTBELL
ORIENT CEMENT,ORIENTCEM
ORIENT CERATECH,ORIENTCER
ORIENT ELECTRIC,ORIENTELEC
ORIENT HOTELS,ORIENTHOT
ORIENT PRESS,ORIENTLTD
ORIENT PAPER AND INDS,ORIENTPPR
ORIENT TECHNOLOGIES,ORIENTTECH
ORISSA MIN DEV CO,ORISSAMINE
OSWAL AGRO MILLS,OSWALAGRO
OSWAL GREENTECH,OSWALGREEN
OSWAL PUMPS,OSWALPUMPS
PACE DIGITEK,PACEDIGITK
PAGE INDUSTRIES,PAGEIND
PAISALO DIGITAL,PAISALO
PAKKA,PAKKA
PALASH SECURITIES,PALASHSECU
PANACEA BIOTEC,PANACEABIO
PANAMA PETROCHEM,PANAMAPET
PANSARI DEVELOPERS,PANSARI
PARAMOUNT COMM,PARACABLES
PARADEEP PHOSPHATES,PARADEEP
PARAG MILK FOODS,PARAGMILK
PARAS DEF AND SPCE TECH L,PARAS
PARAS PETROFILS,PARASPETRO
PARKHOTELS,PARKHOTELS
PARSVNATH DEVELOPER,PARSVNATH
PASHUPATI COTSPIN,PASHUPATI
PASUPATI ACRYLON,PASUPTAC
PATANJALI FOODS,PATANJALI
PATEL ENGINEERING,PATELENG
PATEL RETAIL,PATELRMART
PATEL INT. LOG.,PATINTLOG
PAVNA INDUSTRIES,PAVNAIND
ONE 97 COMMUNICATIONS,PAYTM
PCBL CHEMICAL,PCBL
PC JEWELLER,PCJEWELLER
PUDUMJEE PAPER PRO.,PDMJEPAPER
PDS,PDSL
PEARL POLYMERS,PEARLPOLY
PENNAR INDUSTRIES,PENIND
PENINSULA LAND,PENINLAND
PERSISTENT SYSTEMS,PERSISTENT
PETRONET LNG,PETRONET
POWER FIN CORP,PFC
PFIZER,PFIZER
PRIME FOCUS,PFOCUS
PTC INDIA FIN SERV,PFS
PG ELECTROPLAST,PGEL
P&G HYGIENE & HEALTH CARE,PGHH
PROCTER & GAMBLE HEALTH L,PGHL
PEARL GLOBAL IND,PGIL
THE PHOENIX MILLS,PHOENIXLTD
PICCADILY AGRO INDUSTRI L,PICCADIL
PIDILITE INDUSTRIES,PIDILITIND
PI INDUSTRIES,PIIND
PILANI INV & IND COR,PILANIINVS
PIL ITALICA LIFESTYLE,PILITA
PIONEER EMBROIDERIES,PIONEEREMB
PITTI ENGINEERING,PITTIENG
PIX TRANSMISSIONS,PIXTRANS
PLASTIBLENDS INDIA,PLASTIBLEN
PLATINUM INDUSTRIES,PLATIND
PLAZA WIRES,PLAZACABLE
PUNJAB NATIONAL BANK,PNB
PNB GILTS,PNBGILTS
PNB HOUSING FIN,PNBHOUSING
PNC INFRATECH,PNCINFRA
P N GADGIL JEWELLERS,PNGJL
PONDY OXIDES & CHEM,POCL
PODDAR PIGMENTS,PODDARMENT
POKARNA,POKARNA
PB FINTECH,POLICYBZR
POLYCAB INDIA,POLYCAB
POLY MEDICURE,POLYMED
POLYPLEX CORPORATION,POLYPLEX
PONNIE SUGARS (ERODE),PONNIERODE
POONAWALLA FINCORP,POONAWALLA
POWER GRID CORP.,POWERGRID
HITACHI ENERGY INDIA,POWERINDIA
POWER MECH PROJECTS,POWERMECH
PPAP AUTOMOTIVE,PPAP
PRAKASH PIPES,PPL
PIRAMAL PHARMA,PPLPHARMA
PRABHA ENERGY,PRABHA
PRAJ INDUSTRIES,PRAJIND
PRAKASH INDUSTRIES,PRAKASH
PRAKASH STEELAGE,PRAKASHSTL
PRECISION CAMSHAFTS,PRECAM
PRECOT,PRECOT
PRECISION WIRES INDIA,PRECWIRE
PREMIER EXPLOSIVES,PREMEXPLN
PREMIER ENERGIES,PREMIERENE
PREMIER POLYFILM,PREMIERPOL
PRESTIGE ESTATE,PRESTIGE
PRICOL,PRICOLLTD
PRIME SECURITIES,PRIMESECU
PRIMO CHEMICALS,PRIMO
PRINCE PIPES FITTINGS,PRINCEPIPE
PRITI INTERNATIONAL,PRITI
PRITIKA AUTO INDUS,PRITIKAUTO
PRIVI SPECIALITY CHE,PRIVISCL
PROSTARM INFO SYSTEMS,PROSTARM
PROTEAN EGOV TECHNO,PROTEAN
PRISM JOHNSON,PRSMJOHNSN
PRUDENT CORP ADV SER,PRUDENT
PRUDENTIAL SUGAR CORPORAT,PRUDMOULI
PUNJAB & SIND BANK,PSB
PSP PROJECTS,PSPPROJECT
KOTAK PSU BANK,PSUBANK
ICICIPRAMC - PSUBANKICI,PSUBNKIETF
PTC INDIA,PTC
PTC INDUSTRIES,PTCIL
PTL ENTERPRISES,PTL
PUNJAB CHEM & CROP PROT L,PUNJABCHEM
PURAVANKARA,PURVA
PVR INOX,PVRINOX
POPULAR VEHICLES N SER L,PVSL
ICICIPRAMC - ICICIBANKP,PVTBANIETF
PYRAMID TECHNOPLAST,PYRAMID
QUANTUM GOLD FUND,QGOLDHALF
QUALITY POWER ELEC EQUP L,QPOWER
QUADRANT FUTURE TEK,QUADFUTURE
ICICIPRAMC - ICICIQTY30,QUAL30IETF
KOTAKMAMC - QUALITY30,QUALITY30
QUESS CORP,QUESS
QUICK HEAL TECH,QUICKHEAL
RACE ECO CHAIN,RACE
RACL GEARTECH,RACLGEAR
RADAAN MEDIAWORKS (I),RADAAN
RADHIKA JEWELTECH,RADHIKAJWE
RADIANT CASH MGMT SER,RADIANTCMS
RADICO KHAITAN,RADICO
MUSIC BROADCAST,RADIOCITY
RAILTEL CORP OF IND,RAILTEL
RAIN INDUSTRIES,RAIN
RAINBOW CHILDRENS MED,RAINBOW
RAJESH EXPORTS,RAJESHEXPO
RAJNANDINI METAL,RAJMET
RAJOO ENGINEERS,RAJOOENG
RAJRATAN GLOBAL WIRE,RAJRATAN
RAJSHREE SUGAR & CHEMICAL,RAJSREESUG
RAJ TV NETWORK,RAJTV
RALLIS INDIA,RALLIS
SHREE RAMA NEWSPRINT,RAMANEWS
RAMA PHOSPHATES,RAMAPHO
RAMA STEEL TUBES,RAMASTEEL
THE RAMCO CEMENTS,RAMCOCEM
RAMCO INDUSTRIES,RAMCOIND
RAMCO SYSTEMS,RAMCOSYS
RAMKY INFRA,RAMKY
RAM RATNA WIRES,RAMRAT
RANA SUGARS,RANASUG
RANE HOLDINGS,RANEHOLDIN
RATEGAIN TRAVEL TECHN,RATEGAIN
RATNAMANI MET & TUB,RATNAMANI
RATNAVEER PRECISION ENG L,RATNAVEER
RAYMOND,RAYMOND
RAYMOND LIFESTYLE,RAYMONDLSL
RAYMOND REALTY,RAYMONDREL
RESTAURANT BRAND ASIA,RBA
RBL BANK,RBLBANK
RBZ JEWELLERS,RBZJEWEL
RASHTRIYA CHEMICALS & FER,RCF
REC,RECLTD
REDINGTON,REDINGTON
REDTAPE,REDTAPE
REFEX INDUSTRIES,REFEX
REGAAL RESOURCES,REGAAL
REGENCY CERAMICS,REGENCERAM
RELAXO FOOT,RELAXO
RELIANCE CHEMOTEX IND,RELCHEMQ
RELIANCE INDUSTRIES,RELIANCE
RELIGARE ENTER.,RELIGARE
RAVINDRA ENERGY,RELTD
REMSONS INDUSTRIES,REMSONSIND
SHREE RENUKA SUGARS,RENUKA
REPCO HOME FINANCE,REPCOHOME
RUDRABHISHEK ENTERP,REPL
REPRO INDIA,REPRO
RESPONSIVE INDUSTRIES,RESPONIND
JHS SVENDGAARD RETAIL V L,RETAIL
RENAISSANCE GLOBAL,RGL
RHETAN TMT,RHETAN
RHI MAGNESITA INDIA,RHIM
ROBUST HOTELS,RHL
RICO AUTO INDUSTRIES,RICOAUTO
RELIANCE INDUSTRIAL INFRA,RIIL
RITCO LOGISTICS,RITCO
RITES,RITES
RAVI KUMAR DIST.,RKDL
RKEC PROJECTS,RKEC
RAMKRISHNA FORGINGS,RKFORGE
R K SWAMY,RKSWAMY
R M DRIP & SPRINK SYS,RMDRIP
RANE (MADRAS),RML
R&B DENIMS,RNBDENIMS
ROYAL ORCHID HOTELS,ROHLTD
ROLEX RINGS,ROLEXRINGS
ROLLATAINERS,ROLLT
RAJ OIL MILLS,ROML
ROSSARI BIOTECH,ROSSARI
ROSSELL INDIA,ROSSELLIND
ROSSELL TECHSYS,ROSSTECH
ROTO PUMPS,ROTO
ROUTE MOBILE,ROUTE
RAGHAV PRODUCTIVITY ENH L,RPEL
RPG LIFE SCIENCES,RPGLIFE
RELIANCE POWER,RPOWER
R.P.P INFRA PROJECTS,RPPINFRA
RAJSHREE POLYPACK,RPPL
RPSG VENTURES,RPSGVENT
RASHI PERIPHERALS,RPTECH
R R KABEL,RRKABEL
R. S. SOFTWARE (INDIA) LI,RSSOFTWARE
RSWM,RSWM
R SYS INTERNATIONAL,RSYSTEMS
RATTANINDIA ENT,RTNINDIA
RATTANINDIA POWER,RTNPOWER
RUBFILA INTERNATIONAL,RUBFILA
RUBICON RESEARCH,RUBICON
THE RUBY MILLS,RUBYMILLS
RUCHI INFRASTRUCTURE,RUCHINFRA
RUCHIRA PAPERS,RUCHIRA
RUPA & COMPANY,RUPA
RUSHIL DECOR,RUSHIL
KEYSTONE REALTORS,RUSTOMJEE
RAIL VIKAS NIGAM,RVNL
REVATHI EQUIPMENT INDIA L,RVTH
S&S POWER SWITCHGEARS,S&SPOWER
SAATVIK GREEN ENERGY,SAATVIKGL
SRI ADHIKARI BRO TELE N L,SABTNL
SADBHAV ENGINEERING,SADBHAV
SAFARI IND (INDIA),SAFARI
SAGARDEEP ALLOYS,SAGARDEEP
SAGAR CEMENTS,SAGCEM
SAGILITY,SAGILITY
SAHYADRI INDUSTRIES,SAHYADRI
STEEL AUTHORITY OF INDIA,SAIL
SAI LIFE SCIENCES,SAILIFE
SAKAR HEALTHCARE,SAKAR
SAKTHI SUGARS,SAKHTISUG
SAKSOFT,SAKSOFT
SAKUMA EXPORTS,SAKUMA
SALASAR TECHNO ENGG.,SALASAR
SALONA COTSPIN,SALONA
SALZER ELECTRONICS,SALZERELEC
SAMBHAAV MEDIA,SAMBHAAV
SAMBHV STEEL TUBES,SAMBHV
SAMHI HOTELS,SAMHI
SAMMAAN CAPITAL,SAMMAANCAP
SAMPANN UTPADAN INDIA,SAMPANN
SANATHAN TEXTILES,SANATHAN
SANDESH,SANDESH
SANDHAR TECHNOLOGIES,SANDHAR
SANDUR MANG & IRON ORES L,SANDUMA
SANGAM (INDIA),SANGAMIND
SANGHI INDUSTRIES,SANGHIIND
SANGHVI MOVERS,SANGHVIMOV
SANGINITA CHEMICALS,SANGINITA
SANOFI INDIA,SANOFI
SANOFI CONS HEALTHC IND L,SANOFICONR
SANSERA ENGINEERING,SANSERA
SANSTAR,SANSTAR
SAPPHIRE FOODS INDIA,SAPPHIRE
SARDA ENERGY & MIN,SARDAEN
SAREGAMA INDIA,SAREGAMA
SARLA PERF. FIBERS,SARLAPOLY
SARVESHWAR FOODS,SARVESHWAR
SASKEN TECHNOLOGIES,SASKEN
SASTASUNDAR VENTURES,SASTASUNDR
SATIA INDUSTRIES,SATIA
SATIN CREDIT NET,SATIN
SAURASHTRA CEMENT,SAURASHCEM
SBC EXPORTS,SBC
SHIVALIK BIMETAL CON.,SBCL
SBFC FINANCE,SBFC
SURATWWALA BUS GROUP,SBGLP
SBIAMC - SBIBPB,SBIBPB
SBI CARDS & PAY SER,SBICARD
SBI LIFE INSURANCE CO,SBILIFE
STATE BANK OF INDIA,SBIN
SBIAMC - SBISILVER,SBISILVER
SCHAEFFLER INDIA,SCHAEFFLER
S CHAND AND COMPANY,SCHAND
SCHNEIDER ELECTRIC INFRA,SCHNEIDER
SHIPPING CORP OF INDIA LT,SCI
SHIPPING CORP OF ILA,SCILAL
SCODA TUBES,SCODATUBES
SHEETAL COOL PRODUCTS,SCPL
SOM DIST & BREW,SDBL
SEAMEC,SEAMECLTD
SECMARK CONSULTANCY,SECMARK
SECUREKLOUD TECH,SECURKLOUD
SEJAL GLASS,SEJALLTD
MIRAEAMC - SELECTIPO,SELECTIPO
SEL MANUFACTURING CO,SELMC
SEMAC CONSTRUCTION,SEMAC
SENCO GOLD,SENCO
SENORES PHARMACEUTICALS L,SENORES
SEPC,SEPC
SEQUENT SCIENTIFIC,SEQUENT
SERVOTECH REN POW SYS,SERVOTECH
SESHASAYEE PAPER & BOARDS,SESHAPAPER
SETCO AUTOMOTIVE,SETCO
SHEELA FOAM,SFL
SG FINSERVE,SGFIN
SYNERGY GREEN IND.,SGIL
STL GLOBAL,SGL
STANDARD GLASS LIN TECH L,SGLTL
SG MART,SGMART
SHAH METACORP,SHAH
SHAH ALLOYS,SHAHALLOYS
SHAILY ENG PLASTICS,SHAILY
SHAKTI PUMPS (I),SHAKTIPUMP
SHALBY,SHALBY
SHALIM PAINTS,SHALPAINTS
SHANKARA BLDG PRODUCT,SHANKARA
SHANTI OVERSEAS INDIA,SHANTI
SHANTHI GEARS,SHANTIGEAR
SHANTI GOLD INTERNATION L,SHANTIGOLD
SHARDA CROPCHEM,SHARDACROP
SHARDA MOTOR INDS,SHARDAMOTR
SHARE IND. SECURITIES,SHAREINDIA
SHEKHAWATI INDUSTRIES,SHEKHAWATI
SHEMAROO ENTER.,SHEMAROO
SHILPA MEDICARE,SHILPAMED
SHIVALIK RASAYAN,SHIVALIK
SHIVAM AUTO.LTD,SHIVAMAUTO
SHIVA MILLS,SHIVAMILLS
SHIVA TEXYARN,SHIVATEX
S H KELKAR AND CO.,SHK
SHOPPERS STOP,SHOPERSTOP
SHRADHA INFRAPROJECTS,SHRADHA
SHREE DIGVIJAY CEM CO,SHREDIGCEM
SHREE CEMENT,SHREECEM
SHREEJI SHIPPING GLOBAL L,SHREEJISPG
SHRE PUSH CHEM & FERT,SHREEPUSHK
SHRENIK,SHRENIK
SHREYANS INDUSTRIES,SHREYANIND
SHRINGAR HOU OF MANGALS L,SHRINGARMS
SHRIRAM PIST. & RING,SHRIPISTON
SHRIRAM FINANCE,SHRIRAMFIN
SHRIRAM PROPERTIES,SHRIRAMPPS
SHYAM CENTURY FERROUS,SHYAMCENT
SHYAM METALICS AND ENGY L,SHYAMMETL
SHYAM TELECOM,SHYAMTEL
SIEMENS,SIEMENS
SIGACHI INDUSTRIES,SIGACHI
SIGNET INDUSTRIES,SIGIND
SIGNATUREGLOBAL INDIA,SIGNATURE
SIGNPOST INDIA,SIGNPOST
SIKKO INDUSTRIES,SIKKO
STANDARD INDUSTRIES,SIL
SIL INVESTMENTS,SILINV
SILLY MONKS ENTERTAIN,SILLYMONKS
BIRLASLAMC - SILVER,SILVER
KOTAKMAMC - KOTAKSILVE,SILVER1
360ONEAMC - SILVER360,SILVER360
MIRAEAMC - MASILVER,SILVERAG
ZERODHAAMC - SILVERCASE,SILVERCASE
ICICIPRAMC - ICICISILVE,SILVERIETF
SILVER TOUCH TECHNO,SILVERTUC
SIMPLEX INFRASTRUCTURES L,SIMPLEXINF
SINCLAIRS HOTELS,SINCLAIR
SINDHU TRADE LINKS,SINDHUTRAD
SINTERCOM INDIA,SINTERCOM
SIRCA PAINT INDIA,SIRCA
SIS,SIS
SIYARAM SILK MILLS,SIYSIL
SJS ENTERPRISES,SJS
SJVN,SJVN
SKIPPER,SKIPPER
SKY GOLD AND DIAMONDS,SKYGOLD
MIRAEAMC - SMALLCAP,SMALLCAP
SMARTLINK HOLDINGS,SMARTLINK
SMARTWORKS COWORKING SP L,SMARTWORKS
SMC GLOBAL SECURITIES,SMCGLOBAL
ZERODHAAMC - SML100CASE,SML100CASE
SML ISUZU,SMLISUZU
SARTHAK METALS,SMLT
SMS LIFESCIENCES (I),SMSLIFE
SMS PHARMACEUTICALS,SMSPHARMA
SNOWMAN LOGISTICS,SNOWMAN
NIPPONAMC - SNXT30BEES,SNXT30BEES
SOBHA,SOBHA
SOFTTECH ENGINEERS,SOFTTECH
SOLARA ACTIVE PHA SCI,SOLARA
SOLAR INDUSTRIES (I),SOLARINDS
SOLARWORLD ENERGY SOL,SOLARWORLD
SOLEX ENERGY,SOLEX
SOMANY CERAMICS,SOMANYCERA
SOMI CONVEYOR BELT.,SOMICONVEY
SONA BLW PRECISION FRGS L,SONACOMS
SONAM,SONAMLTD
SONATA SOFTWARE,SONATSOFTW
SAVITA OIL TECHNOLO.,SOTL
THE SOUTH INDIAN BANK,SOUTHBANK
SOUTH WEST PINNACLE,SOUTHWEST
S. P. APPARELS,SPAL
SPANDANA SPHOORTY FIN,SPANDANA
SUN PHARMA ADV.RES.CO.LTD,SPARC
SPECIALITY REST,SPECIALITY
SPECTRUM ELECTRIC IND,SPECTRUM
SPENCER S RETAIL,SPENCERS
SPIC,SPIC
SPL INDUSTRIES,SPLIL
SUPREME PETROCHEM,SPLPETRO
SPML INFRA,SPMLINFRA
SPORTKING INDIA,SPORTKING
SREELEATHERS,SREEL
SRF,SRF
SRG HOUSING FINANCE L,SRGHFL
SREE RAYALSEEMA HHP,SRHHYPOLTD
SRM CONTRACTORS,SRM
SARASWATI SAREE DEPOT,SSDL
STEEL STRIPS WHEELS,SSWL
STALLION IND FLUOROCHEM L,STALLION
STANLEY LIFESTYLES,STANLEY
STRIDES PHARMA SCI,STAR
STAR CEMENT,STARCEMENT
STAR HEALTH & AL INS CO L,STARHEALTH
STAR PAPER MILLS,STARPAPER
STARTECK FINANCE,STARTECK
THE STATE TRADING CORPN,STCINDIA
STEELCAST,STEELCAS
STEEL CITY SECURITIES,STEELCITY
STEEL EXCHANGE INDIA,STEELXIND
STEL HOLDINGS,STEL
STERLING TOOLS,STERTOOLS
STL NETWORKS,STLNETWORK
STERLITE TECHNOLOGIES,STLTECH
STOVE KRAFT,STOVEKRAFT
SESHAASAI TECHNOLOGIES L,STYL
STYLAM INDUSTRIES,STYLAMIND
BAAZAR STYLE RETAIL,STYLEBAAZA
STYRENIX PERFORMANCE,STYRENIX
SUBEX,SUBEXLTD
SUBROS,SUBROS
SUDARSHAN CHEMICAL INDS L,SUDARSCHEM
SUKHJIT STARCH & CHEM,SUKHJITS
SULA VINEYARDS,SULA
SUMITOMO CHEM INDIA,SUMICHEM
SUMIT WOODS,SUMIT
SUMMIT SECURITIES,SUMMITSEC
SUNDARAM CLAYTON,SUNCLAY
SUNDARAM MULTI PAP,SUNDARAM
SUNDARAM FINANCE,SUNDARMFIN
SUNDARAM BRAK LININGS,SUNDRMBRAK
SUNDRAM FASTENERS,SUNDRMFAST
SUNDROP BRANDS,SUNDROP
SUNFLAG IRON AND STEEL CO,SUNFLAG
SUN PHARMACEUTICAL IND L,SUNPHARMA
SUNTECK REALTY,SUNTECK
SUN TV NETWORK,SUNTV
SUPERHOUSE,SUPERHOUSE
SUPER SPINNING MILLS,SUPERSPIN
SUPRAJIT ENGINEERING,SUPRAJIT
SUPREME HOLDIN N HOSP I L,SUPREME
SUPREME INDUSTRIES,SUPREMEIND
SUPRIYA LIFESCIENCE,SUPRIYA
SURAJ ESTATE DEVELOPERS L,SURAJEST
SURAJ,SURAJLTD
SURAKSHA DIAGNOSTIC,SURAKSHA
SURANA SOLAR,SURANASOL
SURANA TELECOM AND POW LT,SURANAT&P
SURYALAKSHMI COT MIL,SURYALAXMI
SURYA ROSHNI,SURYAROSNI
SURYODAY SMALL FIN BK,SURYODAY
SUTLEJ TEXT & INDUS,SUTLEJTEX
SUVEN LIFE SCIENCES,SUVEN
SUVIDHAA INFOSERVE,SUVIDHAA
SUYOG TELEMATICS,SUYOG
SUZLON ENERGY,SUZLON
SHREE VASU LOGISTICS,SVLL
SVP GLOBAL TEXTILES,SVPGLOB
SWAN CORP,SWANCORP
SWARAJ ENGINES,SWARAJENG
SWELECT ENERGY SYS,SWELECTES
SWIGGY,SWIGGY
STRLNG & WIL REN ENE,SWSOLAR
SYMPHONY,SYMPHONY
SYNCOM FORMU (I),SYNCOMF
SYNGENE INTERNATIONAL,SYNGENE
SYRMA SGS TECHNOLOGY,SYRMA
SYSTEMATIX CORP SERVICE L,SYSTMTXC
TAINWALA CHEMICAL AND PLA,TAINWALCHM
TAJ GVK HOTELS & RESORTS,TAJGVK
TALBROS AUTO. COMP.,TALBROAUTO
TANLA PLATFORMS,TANLA
TARA CHAND INFRA SOLN,TARACHAND
TARAPUR TRANSFORMERS,TARAPUR
TARC,TARC
TRANS & RECTI.,TARIL
TARMAT,TARMAT
TARSONS PRODUCTS,TARSONS
TASTY BITE EATABLES,TASTYBITE
TATA CAPITAL,TATACAP
TATA CHEMICALS,TATACHEM
TATA COMMUNICATIONS,TATACOMM
TATA CONSUMER PRODUCT,TATACONSUM
TATA ELXSI,TATAELXSI
TATAAML-TATAGOLD,TATAGOLD
TATA INVESTMENT CORP,TATAINVEST
TATA MOTORS,TATAMOTORS
TATA POWER CO,TATAPOWER
TATA STEEL,TATASTEEL
TATA TECHNOLOGIES,TATATECH
TATAAML-TATSILV,TATSILV
TATVA CHIN PHARM CHEM,TATVA
TBO TEK,TBOTEK
TRIB BHIMJI ZAVERI,TBZ
TRANSPORT CORPN OF INDIA,TCI
TCI EXPRESS,TCIEXP
TCI FINANCE,TCIFINANCE
TCPL PACKAGING,TCPLPACK
TATA CONSULTANCY SERV LT,TCS
TD POWER SYSTEMS,TDPOWERSYS
TEAMLEASE SERVICES,TEAMLEASE
BIRLASLAMC - TECH,TECH
TECH MAHINDRA,TECHM
TECHNO ELEC & ENG CO.,TECHNOE
TEGA INDUSTRIES,TEGA
TEJAS NETWORKS,TEJASNET
TEMBO GLOBAL IND,TEMBO
TEXMACO INFRA & HOLDG,TEXINFRA
TEXMO PIPE & PRODUCTS,TEXMOPIPES
TEXMACO RAIL & ENG.,TEXRAIL
TOURISM FINANCE CORP. OF,TFCILTD
TRANSWARRANTY FIN.,TFL
TGB BANQUETS&HOTELS,TGBHOTELS
THANGAMAYIL JEWELLERY,THANGAMAYL
THE INVEST TRUST OF IND L,THEINVEST
THEJO ENGINEERING,THEJO
LEELA PALACES HOTEL,THELEELA
THEMIS MEDICARE,THEMISMED
THERMAX,THERMAX
THOMAS COOK (INDIA),THOMASCOOK
THOMAS SCOTT (INDIA),THOMASCOTT
THYROCARE TECH,THYROCARE
TILAKNAGAR INDUSTRIES,TI
TWAMEV CONS AND INFRA,TICL
TIGER LOGISTICS (INDIA) L,TIGERLOGS
TECHNOCRAFT IND,TIIL
TUBE INVEST OF INDIA,TIINDIA
TIJARIA POLYPIPES,TIJARIA
TIL,TIL
TIME TECHNOPLAST,TIMETECHNO
TIMKEN INDIA,TIMKEN
TINNA RUBBER AND INFR,TINNARUBR
TIPS FILMS,TIPSFILMS
TIPS MUSIC,TIPSMUSIC
THIRUMALAI CHEMICALS,TIRUMALCHM
TIRUPATI FORGE,TIRUPATIFL
TITAGARH RAIL SYSTEMS,TITAGARH
TITAN COMPANY,TITAN
TAMILNAD MERCA BANK,TMB
TAMILNADU NEWSPRT & PAPER,TNPL
TAMILNADU TELECOMMUNICATI,TNTELE
TOKYO PLAST INTL,TOKYOPLAST
TOLINS TYRES,TOLINS
DSPAMC - TOP10ADD,TOP10ADD
TORRENT PHARMACEUTICALS L,TORNTPHARM
TORRENT POWER,TORNTPOWER
TOTAL TRANSPORT SYS,TOTAL
TOUCHWOOD ENTERTAIN,TOUCHWOOD
TEAMO PRODUCTIONS HQ,TPHQ
TPL PLASTECH,TPLPLASTEH
TRACXN TECHNOLOGIES,TRACXN
TRANSRAIL LIGHTING,TRANSRAILL
TRANSWORLD SHIP LINES,TRANSWORLD
TRAVEL FOOD SERVICES,TRAVELFOOD
TREE HOUSE EDU,TREEHOUSE
TREJHARA SOLUTIONS,TREJHARA
TRANSINDIA REAL ESTATE L,TREL
TRENT,TRENT
TRF,TRF
TRIDENT,TRIDENT
TRIVENI TURBINE,TRITURBINE
TRIVENI ENGG. & INDS.,TRIVENI
TRUCAP FINANCE,TRU
TRUALT BIOENERGY,TRUALT
TSF INVESTMENTS,TSFINV
TTK HEALTHCARE,TTKHLTCARE
TTK PRESTIGE,TTKPRESTIG
T T,TTL
TATA TELESERV(MAHARASTRA),TTML
TVS ELECTRONICS,TVSELECT
TVS HOLDINGS,TVSHLTD
TVS MOTOR COMPANY ,TVSMOTOR
TVS SUPPLY CHAIN SOL L,TVSSCS
TVS SRICHAKRA,TVSSRICHAK
TV TODAY NETWORK,TVTODAY
TV VISION,TVVISION
UNITED BREWERIES,UBL
UCAL,UCAL
UCO BANK,UCOBANK
UPDATER SERVICES,UDS
UNITED FOODBRANDS,UFBL
UFLEX,UFLEX
UFO MOVIEZ INDIA,UFO
THE UGAR SUGAR WORKS,UGARSUGAR
UGRO CAPITAL,UGROCAP
UJJIVAN SMALL FINANC BANK,UJJIVANSFB
ULTRATECH CEMENT,ULTRACEMCO
UMA EXPORTS,UMAEXPORTS
USHA MARTIN EDU & SOL,UMESLTD
UNICHEM LABORATORIES,UNICHEMLAB
UNITED DRILLING TOOLS,UNIDT
UNICOMMERCE ESOLUTIONS L,UNIECOM
UNIPHOS ENTERPRISES,UNIENTER
UNIINFO TELECOM SERVI,UNIINFO
UNIMECH AEROSPACE N MFG L,UNIMECH
UNION BANK OF INDIA,UNIONBANK
UNIONAMC - UNIONGOLD,UNIONGOLD
UNIPARTS INDIA,UNIPARTS
UNITED SPIRITS,UNITDSPR
UNITECH,UNITECH
UNITED NILGIRI TEA,UNITEDTEA
UNIVASTU INDIA,UNIVASTU
UNIVERSAL CABLES,UNIVCABLES
UNIVERSUS IMAGINGS,UNIVPHOTO
UNO MINDA,UNOMINDA
UPL,UPL
URAVI DEFENCE &TECH,URAVIDEF
URBAN COMPANY,URBANCO
URJA GLOBAL,URJA
USHA MARTIN,USHAMART
UDAYSHIVAKUMAR INFRA,USK
UTI ASSET MNGMT CO,UTIAMC
UTIAMC - UTINEXT50,UTINEXT50
UTIAMC - UTISXN50,UTISXN50
UTKARSH SMALL FIN BANK L,UTKARSHBNK
UTTAM SUGAR MILLS,UTTAMSUGAR
U. Y. FINCORP,UYFINCORP
V2 RETAIL,V2RETAIL
VADILAL INDUSTRIES,VADILALIND
VAIBHAV GLOBAL,VAIBHAVGBL
VAISHALI PHARMA,VAISHALI
VAKRANGEE,VAKRANGEE
VALIANT LABORATORIES,VALIANTLAB
VARDHAMAN ACRYLICS,VARDHACRLC
VARDHMAN POLYTEX,VARDMNPOLY
VARROC ENGINEERING,VARROC
VASCON ENGINEERS,VASCONEQ
VASWANI IND,VASWANI
VARUN BEVERAGES,VBL
VAXTEX COTFAB,VCL
VEDANTA,VEDL
VEEDOL CORPORATION,VEEDOL
VENKY S (INDIA),VENKEYS
VENTIVE HOSPITALITY,VENTIVE
VENUS PIPES & TUBES,VENUSPIPES
VENUS REMEDIES,VENUSREM
VERANDA LEARNING SOL,VERANDA
VERTOZ,VERTOZ
VESUVIUS INDIA,VESUVIUS
VETO SWITCHGEAR CABLE,VETO
V-GUARD IND,VGUARD
VARDHMAN HOLDINGS,VHL
VIDHI SPCLTY F INGRDNTS L,VIDHIING
VIJAYA DIAGNOSTIC CEN,VIJAYA
VIKAS ECOTECH,VIKASECO
VIKAS LIFECARE,VIKASLIFE
VIKRAM SOLAR,VIKRAMSOLR
VIKRAN ENGINEERING,VIKRAN
VIMTA LABS,VIMTALABS
VINATI ORGANICS,VINATIORGA
VINTAGE COFFEE N BVRGS L,VINCOFE
VINDHYA TELELINKS,VINDHYATEL
VINEET LABORATORIES,VINEETLAB
VINNY OVERSEAS,VINNY
VINYL CHEMICALS (I),VINYLINDIA
VIP CLOTHING,VIPCLOTHNG
VIP INDUSTRIES,VIPIND
VIPUL,VIPULLTD
VISAKA INDUSTRIES,VISAKAIND
VISHNU CHEMICALS,VISHNU
VISHWARAJ SUGAR IND,VISHWARAJ
VISAGAR POLYTEX,VIVIDHA
VL E GOV AND IT SOL,VLEGOV
VLS FINANCE,VLSFINANCE
VMART RETAIL,VMART
VISHAL MEGA MART,VMM
VMS TMT,VMSTMT
VOLTAMP TRANSFORMERS,VOLTAMP
VOLTAS,VOLTAS
VISHNU PRAKASH R PUNGLI L,VPRPL
VRAJ IRON AND STEEL,VRAJ
VRL LOGISTICS,VRLLOG
VARDHMAN SPC STEEL,VSSL
VST INDUSTRIES,VSTIND
VIBHOR STEEL TUBES,VSTL
VST TILLERS TRACTORS,VSTTILLERS
VARDHMAN TEXTILES,VTL
WAAREE ENERGIES,WAAREEENER
WAAREE RENEWABLE TECH,WAAREERTL
VA TECH WABAG,WABAG
WALCHANDNAGAR INDUSTRIES,WALCHANNAG
WANBURY,WANBURY
WESTERN CARRIERS (IND) L,WCIL
WEALTH FRST PORT. MG.,WEALTH
WEBSOL ENERGY SYSTEM,WEBELSOLAR
WEIZMANN,WEIZMANIND
WONDER ELECTRICALS,WEL
WELSPUN CORP,WELCORP
WELSPUN ENTERPRISES,WELENT
WELSPUN LIVING,WELSPUNLIV
WENDT (INDIA),WENDT
WESTLIFE FOODWORLD,WESTLIFE
WEWORK INDIA MANAGEMENT L,WEWORK
WHEELS INDIA,WHEELS
WHIRLPOOL OF INDIA,WHIRLPOOL
WILLIAMSON MAGOR,WILLAMAGOR
WINDLAS BIOTECH,WINDLAS
WINDSOR MACHINES,WINDMACHIN
THE WESTERN INDIA PLY,WIPL
WIPRO,WIPRO
WOCKHARDT,WOCKPHARMA
WONDERLA HOLIDAYS,WONDERLA
WORTH PERIPHERALS,WORTHPERI
W.S.INDUSTRIES (I),WSI
WEST COAST PAPER MILLS LT,WSTCSTPAPR
XCHANGING SOLUTIONS,XCHANGING
XELPMOC DESIGN & TECH,XELPMOC
XPRO INDIA,XPROINDIA
XTGLOBAL INFOTECH,XTGLOBAL
YASHO INDUSTRIES,YASHO
YATHARTH HOSP & TRA C S L,YATHARTH
YATRA ONLINE,YATRA
YES BANK,YESBANK
YUKEN INDIA,YUKEN
ZAGGLE PREPA OCEAN SER L,ZAGGLE
ZEE ENTERTAINMENT ENT,ZEEL
ZEE LEARN,ZEELEARN
ZEE MEDIA CORPORATION,ZEEMEDIA
ZENITH EXPORTS,ZENITHEXPO
ZENSAR TECHNOLOGIES ,ZENSARTECH
ZEN TECHNOLOGIES,ZENTEC
ZF COM VE CTR SYS IND,ZFCVINDIA
ZIM LABORATORIES,ZIMLAB
ZODIAC ENERGY,ZODIAC
ZODIAC CLOTHING CO.,ZODIACLOTH
ZOTA HEALTH CARE,ZOTA
ZUARI AGRO CHEMICALS,ZUARI
ZUARI INDUSTRIES,ZUARIIND
ZYDUS LIFESCIENCES,ZYDUSLIFE
ZYDUS WELLNESS,ZYDUSWELL
